frame,face_id,timestamp,confidence,success,AU01_r,AU02_r,AU04_r,AU05_r,AU06_r,AU07_r,AU09_r,AU10_r,AU12_r,AU14_r,AU15_r,AU17_r,AU20_r,AU23_r,AU25_r,AU26_r,AU45_r,AU01_c,AU02_c,AU04_c,AU05_c,AU06_c,AU07_c,AU09_c,AU10_c,AU12_c,AU14_c,AU15_c,AU17_c,AU20_c,AU23_c,AU25_c,AU26_c,AU28_c,AU45_c,image
1,0,0.0,0.98,1,0.0,0.0,0.0,0.0,2.2,1.3,0.0,1.82,3.57,0.98,0.35,0.27,0.35,0.0,0.2,0.0,0.73,0.0,0.0,0.0,0.0,1.0,1.0,0.0,1.0,1.0,1.0,0.0,0.0,1.0,0.0,0.0,0.0,0.0,1.0,anil_clip_001_1.jpg
2,0,0.0,0.98,1,0.0,0.0,0.0,0.0,2.18,1.36,0.0,1.73,3.58,1.09,0.25,0.23,0.3,0.0,0.13,0.0,1.31,0.0,0.0,0.0,0.0,1.0,1.0,0.0,1.0,1.0,1.0,0.0,0.0,1.0,0.0,0.0,0.0,0.0,1.0,anil_clip_001_2.jpg
3,0,0.0,0.98,1,0.4,0.22,0.0,0.23,1.74,0.92,0.0,1.62,3.33,1.16,0.18,0.19,0.18,0.0,0.61,0.24,1.36,0.0,0.0,0.0,0.0,1.0,1.0,0.0,1.0,1.0,1.0,0.0,0.0,1.0,0.0,0.0,0.0,0.0,1.0,anil_clip_001_3.jpg
4,0,0.0,0.98,1,0.92,0.44,0.0,0.44,1.27,0.5,0.0,1.55,3.12,1.16,0.12,0.22,0.07,0.0,1.16,0.34,1.29,0.0,0.0,0.0,0.0,1.0,1.0,0.0,1.0,1.0,1.0,1.0,0.0,0.0,0.0,1.0,0.0,0.0,1.0,anil_clip_002_1.jpg
5,0,0.0,0.98,1,0.92,0.44,0.0,0.44,0.72,0.64,0.0,1.49,2.55,1.08,0.1,0.34,0.0,0.0,1.26,0.62,0.51,0.0,0.0,0.0,0.0,1.0,1.0,0.0,1.0,1.0,1.0,1.0,0.0,0.0,0.0,1.0,0.0,0.0,1.0,anil_clip_002_2.jpg
6,0,0.0,0.98,1,0.52,0.22,0.02,0.32,0.95,0.64,0.73,1.63,2.33,1.56,0.48,0.51,0.0,0.47,1.23,0.37,0.4,0.0,0.0,0.0,0.0,1.0,1.0,0.0,1.0,1.0,1.0,1.0,0.0,0.0,0.0,1.0,0.0,0.0,1.0,anil_clip_002_3.jpg
7,0,0.0,0.88,1,0.0,0.0,0.02,0.31,1.2,0.7,1.49,1.91,2.19,2.04,0.77,0.55,0.0,1.09,1.17,0.28,0.26,0.0,0.0,0.0,0.0,1.0,1.0,0.0,1.0,1.0,1.0,1.0,0.0,0.0,0.0,1.0,0.0,0.0,1.0,anil_clip_003_1.jpg
8,0,0.0,0.88,1,0.0,0.0,0.02,0.44,1.51,0.1,2.17,2.05,2.3,2.63,0.98,0.71,0.0,1.75,1.55,0.0,0.36,0.0,0.0,0.0,0.0,1.0,1.0,0.0,1.0,1.0,1.0,0.0,0.0,0.0,0.0,1.0,0.0,0.0,1.0,anil_clip_003_2.jpg
9,0,0.0,0.88,1,0.0,0.0,0.0,0.34,1.82,0.94,1.44,1.87,2.53,2.23,0.55,0.48,0.2,1.27,1.59,0.08,0.5,0.0,0.0,0.0,0.0,1.0,1.0,0.0,1.0,1.0,1.0,0.0,0.0,0.0,0.0,1.0,0.0,0.0,1.0,anil_clip_003_3.jpg
10,0,0.0,0.98,1,0.0,0.0,0.0,0.14,2.15,1.65,0.69,1.62,2.76,1.92,0.26,0.3,0.49,0.66,1.66,0.19,0.64,0.0,0.0,0.0,0.0,1.0,1.0,0.0,1.0,1.0,1.0,0.0,0.0,0.0,0.0,1.0,0.0,0.0,1.0,anil_clip_004_1.jpg
11,0,0.0,0.98,1,0.0,0.0,0.0,0.0,2.52,2.54,0.0,1.44,2.95,1.52,0.0,0.08,0.8,0.0,1.65,0.37,0.77,0.0,0.0,0.0,0.0,1.0,1.0,0.0,1.0,1.0,1.0,0.0,0.0,0.0,0.0,1.0,0.0,0.0,1.0,anil_clip_004_2.jpg
12,0,0.0,0.98,1,0.0,0.0,0.0,0.0,1.75,1.93,0.0,0.98,2.43,1.08,0.0,0.08,0.6,0.15,1.4,1.02,0.46,0.0,0.0,0.0,0.0,1.0,1.0,0.0,1.0,1.0,1.0,0.0,0.0,0.0,0.0,1.0,0.0,0.0,1.0,anil_clip_004_3.jpg
13,0,0.0,0.98,1,0.0,0.0,0.0,0.0,0.95,1.28,0.0,0.5,1.86,0.56,0.0,0.08,0.31,0.41,1.02,1.58,0.23,1.0,1.0,0.0,1.0,1.0,1.0,0.0,1.0,1.0,1.0,0.0,0.0,0.0,0.0,1.0,0.0,0.0,0.0,anil_clip_005_1.jpg
14,0,0.0,0.98,1,0.0,0.0,0.0,0.0,0.17,0.53,0.0,0.0,1.4,0.07,0.0,0.0,0.0,0.66,0.66,2.06,0.0,1.0,1.0,0.0,1.0,1.0,1.0,0.0,1.0,1.0,1.0,0.0,0.0,0.0,0.0,1.0,0.0,0.0,0.0,anil_clip_005_2.jpg
15,0,0.0,0.98,1,0.65,0.95,0.0,0.54,0.52,0.3,0.0,0.55,2.15,0.41,0.26,0.52,0.13,1.12,1.02,1.6,0.0,1.0,1.0,0.0,1.0,1.0,1.0,0.0,1.0,1.0,1.0,0.0,0.0,0.0,0.0,0.0,0.0,0.0,0.0,anil_clip_005_3.jpg
16,0,0.0,0.98,1,1.44,1.99,0.0,0.97,0.96,0.14,0.0,1.19,2.86,0.96,0.53,1.22,0.28,1.31,1.46,0.94,0.0,1.0,1.0,0.0,1.0,1.0,0.0,0.0,1.0,1.0,1.0,0.0,0.0,0.0,0.0,0.0,0.0,0.0,0.0,anil_clip_006_1.jpg
17,0,0.0,0.98,1,2.25,3.01,0.0,1.41,1.39,0.0,0.0,1.86,3.52,1.63,0.82,2.01,0.39,1.4,1.81,0.28,0.0,1.0,1.0,0.0,1.0,1.0,0.0,0.0,1.0,1.0,1.0,0.0,0.0,0.0,0.0,0.0,0.0,0.0,0.0,anil_clip_006_2.jpg
18,0,0.0,0.98,1,1.6,2.06,0.0,0.87,0.98,0.0,0.0,1.31,2.34,1.24,0.56,1.5,0.26,0.79,1.14,0.0,0.0,1.0,1.0,0.0,1.0,1.0,0.0,0.0,1.0,1.0,1.0,0.0,0.0,0.0,0.0,0.0,0.0,0.0,0.0,anil_clip_006_3.jpg
19,0,0.0,0.03,0,0.8,1.02,0.0,0.44,0.49,0.0,0.0,0.67,1.16,0.67,0.29,0.79,0.11,0.34,0.52,0.0,0.0,0.0,0.0,0.0,0.0,0.0,0.0,0.0,0.0,0.0,0.0,0.0,0.0,0.0,0.0,0.0,0.0,0.0,0.0,anil_clip_007_1.jpg
20,0,0.0,0.03,0,0.0,0.0,0.0,0.0,0.0,0.0,0.0,0.0,0.0,0.0,0.0,0.0,0.0,0.0,0.0,0.0,0.0,0.0,0.0,0.0,0.0,0.0,0.0,0.0,0.0,0.0,0.0,0.0,0.0,0.0,0.0,0.0,0.0,0.0,0.0,anil_clip_007_2.jpg
21,0,0.0,0.68,0,0.0,0.0,0.0,0.0,0.0,0.0,0.0,0.0,0.0,0.0,0.0,0.0,0.0,0.0,0.0,0.0,0.0,0.0,0.0,0.0,0.0,0.0,0.0,0.0,0.0,0.0,0.0,0.0,0.0,0.0,0.0,0.0,0.0,0.0,0.0,anil_clip_007_3.jpg
22,0,0.0,0.47,0,0.0,0.0,0.05,0.0,0.75,0.44,0.0,0.43,0.77,0.21,0.0,0.06,0.38,0.0,0.54,0.45,0.0,0.0,0.0,0.0,0.0,0.0,0.0,0.0,0.0,0.0,0.0,0.0,0.0,0.0,0.0,0.0,0.0,0.0,0.0,anil_clip_008_1.jpg
23,0,0.0,0.98,1,0.12,0.0,0.05,0.0,1.54,0.84,0.0,0.85,1.61,0.67,0.0,0.15,0.66,0.0,0.99,0.91,0.0,1.0,0.0,0.0,0.0,1.0,0.0,0.0,1.0,1.0,1.0,0.0,0.0,0.0,0.0,1.0,0.0,0.0,0.0,anil_clip_008_2.jpg
24,0,0.0,0.98,1,0.25,0.0,0.05,0.0,2.45,1.35,0.0,1.13,2.54,0.97,0.0,0.15,0.94,0.3,1.4,1.49,0.0,1.0,0.0,0.0,0.0,1.0,1.0,0.0,1.0,1.0,1.0,0.0,0.0,0.0,0.0,1.0,0.0,0.0,0.0,anil_clip_008_3.jpg
25,0,0.0,0.98,1,0.51,0.0,0.0,0.0,2.72,1.62,0.0,1.11,2.82,1.21,0.0,0.09,0.77,0.3,1.21,1.5,0.0,1.0,0.0,0.0,0.0,1.0,1.0,0.0,1.0,1.0,1.0,0.0,0.0,0.0,0.0,1.0,0.0,0.0,0.0,anil_clip_009_1.jpg
26,0,0.0,0.98,1,0.59,0.0,0.0,0.0,3.01,1.94,0.0,1.14,3.03,1.16,0.0,0.0,0.61,0.3,1.33,1.48,0.0,1.0,0.0,0.0,0.0,1.0,1.0,0.0,1.0,1.0,1.0,0.0,0.0,0.0,0.0,1.0,0.0,0.0,1.0,anil_clip_009_2.jpg
27,0,0.0,0.98,1,0.61,0.0,0.0,0.0,2.09,1.57,0.0,1.14,2.61,1.1,0.0,0.44,0.33,0.0,0.97,0.9,0.68,1.0,0.0,0.0,0.0,1.0,1.0,0.0,1.0,1.0,1.0,0.0,0.0,0.0,0.0,1.0,0.0,0.0,1.0,anil_clip_009_3.jpg
28,0,0.0,0.98,1,0.48,0.0,0.0,0.0,1.07,0.89,0.0,1.04,2.1,0.91,0.0,0.88,0.12,0.0,0.61,0.45,1.31,0.0,0.0,0.0,0.0,1.0,1.0,0.0,1.0,1.0,1.0,1.0,0.0,0.0,0.0,1.0,0.0,0.0,1.0,anil_clip_010_1.jpg
29,0,0.0,0.98,1,0.47,0.0,0.0,0.0,0.0,0.17,0.0,1.01,1.68,0.84,0.0,1.33,0.0,0.0,0.05,0.0,2.06,0.0,0.0,0.0,0.0,1.0,1.0,0.0,1.0,1.0,1.0,1.0,0.0,0.0,0.0,1.0,0.0,0.0,1.0,anil_clip_010_2.jpg
30,0,0.0,0.98,1,0.32,0.0,0.36,0.0,0.69,1.24,0.45,1.24,1.86,0.97,0.11,0.94,0.2,0.19,0.15,0.0,1.95,0.0,0.0,0.0,0.0,1.0,1.0,0.0,1.0,1.0,1.0,1.0,0.0,0.0,0.0,1.0,0.0,0.0,1.0,anil_clip_010_3.jpg
31,0,0.0,0.98,1,0.2,0.0,0.74,0.0,1.35,2.58,0.96,1.46,1.98,1.1,0.24,0.5,0.51,0.35,0.2,0.0,1.98,0.0,0.0,0.0,0.0,0.0,1.0,0.0,1.0,1.0,1.0,1.0,0.0,1.0,0.0,0.0,0.0,0.0,1.0,anil_clip_012_1.jpg
32,0,0.0,0.98,1,0.0,0.0,0.94,0.0,2.06,3.86,1.47,1.61,2.04,1.17,0.36,0.09,0.72,0.53,0.45,0.0,1.83,0.0,0.0,0.0,0.0,0.0,1.0,0.0,1.0,1.0,1.0,1.0,0.0,1.0,0.0,0.0,0.0,0.0,1.0,anil_clip_012_2.jpg
33,0,0.0,0.98,1,0.11,0.0,0.58,0.0,1.38,2.65,1.02,1.09,1.77,1.04,0.25,0.08,0.66,0.34,0.41,0.41,1.72,0.0,0.0,0.0,0.0,0.0,0.0,0.0,1.0,1.0,1.0,1.0,0.0,1.0,0.0,0.0,0.0,0.0,1.0,anil_clip_012_3.jpg
34,0,0.0,0.93,1,0.34,0.0,0.2,0.0,0.71,1.27,0.51,0.62,1.55,0.92,0.12,0.32,0.46,0.19,0.66,1.19,1.62,0.0,0.0,0.0,0.0,1.0,1.0,0.0,1.0,1.0,1.0,1.0,0.0,1.0,0.0,1.0,0.0,0.0,1.0,anil_clip_013_1.jpg
35,0,0.0,0.98,1,0.58,0.02,0.01,0.0,0.0,0.0,0.0,0.05,1.29,0.73,0.0,0.43,0.41,0.02,0.64,1.76,1.52,0.0,0.0,0.0,0.0,1.0,1.0,0.0,1.0,1.0,1.0,1.0,0.0,1.0,0.0,1.0,0.0,0.0,1.0,anil_clip_013_2.jpg
36,0,0.0,0.98,1,0.47,0.02,0.01,0.0,0.5,0.37,0.0,0.56,1.86,0.92,0.07,0.59,0.27,0.02,1.13,1.35,1.42,1.0,0.0,0.0,0.0,1.0,1.0,0.0,1.0,1.0,1.0,1.0,0.0,0.0,0.0,1.0,0.0,0.0,1.0,anil_clip_013_3.jpg
37,0,0.0,0.98,1,0.24,0.02,0.0,0.0,1.06,0.71,0.0,1.18,2.3,1.09,0.25,0.71,0.16,0.11,1.37,0.71,0.86,1.0,0.0,0.0,0.0,1.0,1.0,0.0,1.0,1.0,1.0,1.0,1.0,0.0,0.0,0.0,0.0,0.0,1.0,anil_clip_014_1.jpg
38,0,0.0,0.93,1,0.0,0.0,0.0,0.0,1.37,0.88,0.0,1.54,2.81,1.38,0.37,0.65,0.0,0.11,1.72,0.15,0.35,0.0,0.0,0.0,0.0,1.0,1.0,0.0,1.0,1.0,1.0,1.0,1.0,0.0,0.0,0.0,0.0,0.0,0.0,anil_clip_014_2.jpg
39,0,0.0,0.98,1,0.0,0.0,0.01,0.0,1.4,1.36,0.25,1.31,2.51,1.44,0.36,0.79,0.0,0.11,1.11,0.15,0.0,0.0,0.0,0.0,0.0,1.0,1.0,0.0,1.0,1.0,1.0,1.0,1.0,0.0,0.0,0.0,0.0,0.0,0.0,anil_clip_014_3.jpg
40,0,0.0,0.93,1,0.0,0.0,0.01,0.0,1.37,1.8,0.55,0.96,2.34,1.64,0.31,0.86,0.0,0.0,0.58,0.0,0.0,0.0,0.0,0.0,0.0,1.0,1.0,0.0,1.0,1.0,1.0,1.0,1.0,0.0,0.0,0.0,0.0,0.0,0.0,anil_clip_015_1.jpg
41,0,0.0,0.88,1,0.0,0.0,0.03,0.0,1.56,2.58,0.87,0.9,2.04,1.64,0.27,1.25,0.0,0.07,0.0,0.0,0.0,0.0,0.0,0.0,0.0,1.0,1.0,0.0,1.0,1.0,1.0,1.0,1.0,0.0,0.0,0.0,0.0,0.0,0.0,anil_clip_015_2.jpg
42,0,0.0,0.88,1,0.58,0.09,0.13,0.0,1.41,1.73,0.62,1.41,1.78,2.21,0.38,1.9,0.46,0.35,0.11,0.44,0.0,1.0,0.0,0.0,0.0,1.0,1.0,0.0,1.0,1.0,1.0,1.0,1.0,0.0,0.0,0.0,0.0,0.0,0.0,anil_clip_015_3.jpg
43,0,0.0,0.98,1,1.17,0.09,0.13,0.0,1.14,0.95,0.32,1.83,1.49,2.39,0.41,2.37,0.79,0.52,0.33,0.79,0.0,0.0,1.0,0.0,0.0,1.0,1.0,0.0,1.0,1.0,1.0,1.0,1.0,0.0,0.0,0.0,0.0,0.0,0.0,anil_clip_016_1.jpg
44,0,0.0,0.98,1,1.6,0.09,0.1,0.31,0.65,0.0,0.0,2.25,1.19,2.34,0.34,3.21,0.79,0.77,0.36,1.2,0.0,0.0,1.0,0.0,0.0,1.0,1.0,0.0,1.0,1.0,1.0,1.0,1.0,0.0,0.0,0.0,0.0,0.0,0.0,anil_clip_016_2.jpg
45,0,0.0,0.98,1,1.02,0.0,0.0,0.31,0.47,0.4,0.0,1.47,1.25,1.46,0.16,2.22,0.33,0.49,0.44,0.76,0.0,0.0,1.0,0.0,1.0,1.0,1.0,0.0,1.0,1.0,1.0,1.0,1.0,0.0,0.0,0.0,0.0,0.0,0.0,anil_clip_016_3.jpg
46,0,0.0,0.98,1,0.43,0.0,0.0,0.31,0.41,0.85,0.0,0.73,1.31,0.81,0.0,1.31,0.0,0.32,0.37,0.41,0.0,0.0,1.0,0.0,1.0,1.0,1.0,0.0,1.0,1.0,1.0,0.0,1.0,0.0,0.0,0.0,0.0,0.0,0.0,anil_clip_017_1.jpg
47,0,0.0,0.98,1,0.0,0.0,0.0,0.0,0.56,1.33,0.0,0.0,1.4,0.58,0.0,0.05,0.0,0.0,0.4,0.02,0.0,0.0,1.0,0.0,1.0,1.0,1.0,0.0,1.0,1.0,1.0,0.0,0.0,0.0,0.0,0.0,0.0,0.0,0.0,anil_clip_017_2.jpg
48,0,0.0,0.98,1,0.0,0.0,0.22,0.0,0.77,1.15,0.0,0.0,1.51,0.52,0.0,0.49,0.0,0.0,0.2,0.02,0.0,0.0,1.0,0.0,0.0,1.0,1.0,0.0,1.0,1.0,1.0,0.0,0.0,0.0,0.0,0.0,0.0,0.0,0.0,anil_clip_017_3.jpg
49,0,0.0,0.88,1,0.0,0.0,0.28,0.0,1.04,1.02,0.0,0.0,1.71,0.63,0.0,0.78,0.0,0.0,0.06,0.02,0.06,0.0,0.0,0.0,0.0,1.0,1.0,0.0,1.0,1.0,1.0,0.0,0.0,0.0,0.0,0.0,0.0,0.0,0.0,anil_clip_018_1.jpg
50,0,0.0,0.93,1,0.0,0.0,0.34,0.0,1.29,0.93,0.0,0.0,1.88,0.4,0.0,1.01,0.03,0.05,0.0,0.0,0.06,0.0,0.0,0.0,0.0,1.0,1.0,0.0,1.0,1.0,1.0,0.0,1.0,0.0,0.0,0.0,0.0,0.0,0.0,anil_clip_018_2.jpg
51,0,0.0,0.93,1,0.0,0.0,0.13,0.0,1.53,1.07,0.09,0.4,1.99,0.53,0.0,1.36,0.93,0.31,0.21,0.23,0.06,0.0,0.0,0.0,0.0,1.0,1.0,0.0,1.0,1.0,1.0,0.0,1.0,0.0,0.0,1.0,0.0,0.0,0.0,anil_clip_018_3.jpg
52,0,0.0,0.98,1,0.0,0.0,0.07,0.0,1.76,1.13,0.21,0.81,2.01,0.49,0.0,1.87,1.91,0.62,0.36,0.48,0.0,0.0,0.0,0.0,0.0,1.0,1.0,0.0,1.0,1.0,1.0,1.0,1.0,0.0,0.0,1.0,0.0,0.0,0.0,anil_clip_020_1.jpg
53,0,0.0,0.98,1,0.0,0.0,0.0,0.0,2.01,0.99,0.28,1.17,2.14,0.76,0.0,2.4,2.87,0.85,0.52,0.68,0.0,0.0,0.0,0.0,0.0,1.0,1.0,0.0,1.0,1.0,1.0,1.0,1.0,0.0,0.0,0.0,0.0,0.0,0.0,anil_clip_020_2.jpg
54,0,0.0,0.98,1,0.16,0.0,0.0,0.0,1.53,0.62,0.25,1.32,2.13,0.78,0.42,1.83,1.97,0.59,0.75,0.6,0.0,0.0,0.0,0.0,0.0,1.0,1.0,0.0,1.0,1.0,1.0,1.0,1.0,0.0,0.0,0.0,0.0,0.0,0.0,anil_clip_020_3.jpg
55,0,0.0,0.98,1,0.41,0.0,0.0,0.0,0.99,0.25,0.14,1.48,2.17,1.17,0.86,1.08,0.99,0.29,0.92,0.41,0.0,0.0,0.0,0.0,1.0,1.0,1.0,0.0,1.0,1.0,1.0,1.0,1.0,0.0,0.0,0.0,0.0,0.0,0.0,anil_clip_021_1.jpg
56,0,0.0,0.98,1,0.55,0.0,0.0,0.0,0.5,0.0,0.07,1.77,2.2,1.38,1.19,0.29,0.0,0.0,1.09,0.31,0.0,0.0,0.0,0.0,1.0,1.0,1.0,0.0,1.0,1.0,1.0,1.0,0.0,0.0,0.0,0.0,0.0,0.0,0.0,anil_clip_021_2.jpg
57,0,0.0,0.98,1,0.84,0.0,0.47,0.0,0.6,1.13,0.29,1.54,1.62,1.39,0.97,0.07,0.0,0.0,0.65,0.16,0.62,0.0,0.0,0.0,0.0,1.0,1.0,0.0,1.0,1.0,1.0,1.0,0.0,0.0,0.0,0.0,0.0,0.0,0.0,anil_clip_021_3.jpg
58,0,0.0,0.82,1,0.98,0.0,1.08,0.0,0.75,2.41,0.78,1.23,0.97,1.21,0.53,0.01,0.0,0.0,0.34,0.1,1.31,1.0,1.0,0.0,1.0,1.0,1.0,0.0,1.0,1.0,1.0,1.0,0.0,0.0,0.0,0.0,0.0,0.0,0.0,anil_clip_022_1.jpg
59,0,0.0,0.98,1,0.84,0.0,1.66,0.0,1.57,2.87,0.97,1.22,1.0,1.33,0.2,0.0,0.06,0.0,0.64,0.03,1.31,1.0,1.0,0.0,1.0,1.0,0.0,0.0,1.0,1.0,1.0,1.0,0.0,0.0,0.0,0.0,0.0,0.0,0.0,anil_clip_022_2.jpg
60,0,0.0,0.98,1,0.88,0.38,1.19,0.15,2.01,1.74,0.69,1.8,2.01,1.63,0.17,0.61,0.06,0.43,1.09,0.03,0.69,1.0,1.0,0.0,1.0,1.0,0.0,0.0,1.0,1.0,1.0,1.0,0.0,0.0,0.0,0.0,0.0,0.0,0.0,anil_clip_022_3.jpg
61,0,0.0,0.98,1,1.0,0.8,0.58,0.21,2.45,0.46,0.19,2.5,3.16,1.7,0.47,1.27,0.06,0.88,1.37,0.03,0.0,0.0,1.0,0.0,1.0,1.0,1.0,0.0,1.0,1.0,1.0,1.0,0.0,0.0,0.0,0.0,0.0,0.0,0.0,anil_clip_023_1.jpg
62,0,0.0,0.98,1,1.45,1.09,0.0,0.28,2.22,0.12,0.0,2.74,3.63,1.63,0.63,1.93,0.0,1.37,1.04,0.07,0.0,0.0,1.0,0.0,1.0,1.0,1.0,0.0,1.0,1.0,1.0,1.0,0.0,0.0,0.0,0.0,0.0,0.0,0.0,anil_clip_023_2.jpg
63,0,0.0,0.98,1,1.22,1.0,0.55,0.36,1.72,0.12,0.08,2.16,3.18,1.29,0.46,1.32,0.0,0.94,0.86,0.07,0.0,0.0,1.0,0.0,1.0,1.0,0.0,0.0,1.0,1.0,1.0,0.0,0.0,0.0,0.0,0.0,0.0,0.0,0.0,anil_clip_023_3.jpg
64,0,0.0,0.88,1,0.85,0.76,1.01,0.46,1.24,0.12,0.14,1.4,2.63,1.2,0.16,0.67,0.0,0.48,0.72,0.07,0.0,1.0,1.0,0.0,1.0,1.0,0.0,0.0,1.0,1.0,1.0,1.0,1.0,0.0,0.0,0.0,0.0,0.0,0.0,anil_clip_024_1.jpg
65,0,0.0,0.88,1,0.56,0.51,1.55,0.6,0.68,0.0,0.22,0.71,2.05,1.04,0.0,0.0,0.0,0.0,0.57,0.0,0.0,1.0,1.0,0.0,1.0,1.0,1.0,0.0,1.0,1.0,1.0,0.0,0.0,0.0,0.0,0.0,0.0,0.0,0.0,anil_clip_024_2.jpg
66,0,0.0,0.88,1,0.3,0.22,1.0,0.37,0.92,0.0,0.14,0.83,2.13,1.63,0.0,0.24,0.0,0.01,0.3,0.0,0.0,1.0,1.0,0.0,1.0,1.0,1.0,0.0,1.0,1.0,1.0,0.0,0.0,0.0,0.0,0.0,0.0,0.0,0.0,anil_clip_024_3.jpg
67,0,0.0,0.93,1,0.16,0.04,0.54,0.2,1.25,0.0,0.07,1.17,2.27,1.94,0.0,0.47,0.0,0.15,0.16,0.0,0.04,0.0,0.0,0.0,0.0,1.0,1.0,0.0,1.0,1.0,1.0,0.0,0.0,0.0,0.0,0.0,0.0,0.0,0.0,anil_clip_025_1.jpg
68,0,0.0,0.93,1,0.01,0.0,0.0,0.0,1.52,0.0,0.0,1.34,2.41,2.35,0.0,0.75,0.0,0.28,0.0,0.0,0.1,0.0,0.0,0.0,0.0,1.0,1.0,0.0,1.0,1.0,1.0,0.0,0.0,0.0,0.0,0.0,0.0,0.0,0.0,anil_clip_025_2.jpg
69,0,0.0,0.93,1,0.01,0.0,0.61,0.0,1.8,1.08,0.0,1.53,2.76,2.06,0.0,0.75,0.0,0.82,0.34,0.27,0.1,0.0,0.0,0.0,0.0,1.0,1.0,0.0,1.0,1.0,1.0,0.0,0.0,0.0,0.0,0.0,0.0,0.0,0.0,anil_clip_025_3.jpg
70,0,0.0,0.93,1,0.01,0.0,1.25,0.0,2.07,2.02,0.0,1.67,3.12,1.92,0.0,0.79,0.0,1.21,0.67,0.57,0.12,1.0,0.0,0.0,0.0,1.0,1.0,0.0,1.0,1.0,1.0,0.0,0.0,0.0,0.0,0.0,0.0,0.0,0.0,anil_clip_026_1.jpg
71,0,0.0,0.93,1,0.0,0.0,1.76,0.0,2.51,2.9,0.0,2.04,3.42,1.64,0.0,0.74,0.0,1.43,1.03,0.89,0.06,1.0,0.0,0.0,0.0,1.0,1.0,0.0,1.0,1.0,1.0,0.0,0.0,0.0,0.0,0.0,0.0,0.0,0.0,anil_clip_026_2.jpg
72,0,0.0,0.93,1,0.24,0.0,1.14,0.0,1.9,1.82,0.0,1.77,2.85,1.56,0.0,1.13,0.0,0.89,1.0,1.1,0.06,1.0,0.0,0.0,0.0,1.0,1.0,0.0,1.0,1.0,1.0,0.0,1.0,0.0,0.0,0.0,0.0,0.0,0.0,anil_clip_026_3.jpg
73,0,0.0,0.93,1,0.7,0.0,0.51,0.0,1.16,0.88,0.0,1.53,2.31,1.44,0.0,1.46,0.0,0.37,0.77,1.2,0.0,0.0,0.0,0.0,0.0,1.0,1.0,0.0,1.0,1.0,1.0,1.0,1.0,0.0,0.0,0.0,0.0,0.0,0.0,anil_clip_027_1.jpg
74,0,0.0,0.88,1,1.12,0.0,0.0,0.0,0.4,0.0,0.0,1.24,1.82,1.57,0.0,1.84,0.0,0.01,0.58,1.43,0.0,0.0,0.0,0.0,0.0,0.0,1.0,0.0,1.0,1.0,1.0,1.0,1.0,0.0,0.0,0.0,0.0,0.0,0.0,anil_clip_027_2.jpg
75,0,0.0,0.98,1,1.13,0.0,0.1,0.01,0.29,0.0,0.01,1.49,1.38,1.26,0.0,1.88,0.02,0.11,0.27,0.95,0.0,0.0,0.0,0.0,0.0,0.0,1.0,0.0,1.0,1.0,1.0,1.0,1.0,0.0,0.0,0.0,0.0,0.0,0.0,anil_clip_027_3.jpg
76,0,0.0,0.98,1,0.9,0.0,0.21,0.01,0.16,0.0,0.1,1.68,0.83,0.98,0.02,1.94,0.08,0.21,0.17,0.54,0.0,0.0,1.0,0.0,0.0,0.0,0.0,0.0,1.0,1.0,1.0,1.0,1.0,0.0,0.0,0.0,0.0,0.0,0.0,anil_clip_028_1.jpg
77,0,0.0,0.98,1,0.62,0.0,0.39,0.01,0.0,0.0,0.18,1.76,0.28,0.65,0.02,1.91,0.25,0.23,0.0,0.02,0.0,0.0,1.0,0.0,0.0,0.0,0.0,0.0,1.0,1.0,1.0,1.0,1.0,0.0,0.0,0.0,0.0,0.0,0.0,anil_clip_028_2.jpg
78,0,0.0,0.98,1,0.38,0.0,0.37,0.0,0.33,0.0,0.4,1.38,0.52,0.83,0.03,1.59,0.22,0.16,0.0,0.08,0.0,0.0,1.0,0.0,0.0,1.0,0.0,0.0,1.0,1.0,1.0,1.0,1.0,0.0,0.0,0.0,0.0,0.0,0.0,anil_clip_028_3.jpg
79,0,0.0,0.93,1,0.16,0.0,0.36,0.0,0.71,0.0,0.5,0.87,0.84,1.11,0.01,1.25,0.17,0.09,0.0,0.12,0.0,0.0,0.0,0.0,0.0,1.0,0.0,0.0,1.0,1.0,1.0,1.0,1.0,0.0,0.0,0.0,0.0,0.0,1.0,anil_clip_029_1.jpg
80,0,0.0,0.98,1,0.0,0.0,0.25,0.0,1.11,0.1,0.59,0.54,1.16,1.33,0.08,0.93,0.0,0.07,0.0,0.15,0.0,0.0,0.0,0.0,0.0,1.0,0.0,0.0,1.0,1.0,1.0,1.0,1.0,0.0,0.0,0.0,0.0,0.0,1.0,anil_clip_029_2.jpg
81,0,0.0,0.98,1,0.0,0.0,0.16,0.0,1.48,0.15,0.53,0.8,1.61,1.44,0.22,0.94,0.0,0.03,0.03,0.23,0.0,0.0,0.0,0.0,0.0,1.0,0.0,0.0,1.0,1.0,1.0,1.0,1.0,0.0,0.0,0.0,0.0,0.0,1.0,anil_clip_029_3.jpg
82,0,0.0,0.98,1,0.0,0.0,0.06,0.0,1.76,0.21,0.66,1.13,2.0,1.51,0.24,0.81,0.0,0.0,0.16,0.24,0.0,0.0,1.0,0.0,0.0,1.0,0.0,0.0,1.0,1.0,1.0,1.0,1.0,0.0,0.0,0.0,0.0,1.0,1.0,anil_clip_030_1.jpg
83,0,0.0,0.98,1,0.0,0.0,0.0,0.0,2.01,0.11,0.7,1.29,2.39,1.43,0.17,0.72,0.0,0.0,0.36,0.22,0.0,0.0,1.0,0.0,0.0,1.0,0.0,0.0,1.0,1.0,1.0,1.0,1.0,0.0,0.0,0.0,0.0,1.0,1.0,anil_clip_030_2.jpg
84,0,0.0,0.98,1,0.44,0.63,0.05,0.0,1.6,0.06,0.53,0.95,2.24,1.73,0.18,0.43,0.0,0.0,0.33,0.08,0.0,0.0,1.0,0.0,0.0,1.0,0.0,0.0,1.0,1.0,1.0,1.0,1.0,0.0,0.0,0.0,0.0,1.0,1.0,anil_clip_030_3.jpg
85,0,0.0,0.93,1,0.91,1.27,0.15,0.0,1.2,0.0,0.22,0.7,2.12,1.97,0.16,0.39,0.0,0.0,0.2,0.03,0.0,0.0,1.0,0.0,0.0,1.0,1.0,0.0,1.0,1.0,1.0,1.0,0.0,0.0,0.0,0.0,0.0,1.0,0.0,anil_clip_031_1.jpg
86,0,0.0,0.98,1,1.53,1.95,0.29,0.0,0.96,0.14,0.04,0.36,1.95,2.45,0.28,0.35,0.0,0.0,0.0,0.0,0.38,0.0,1.0,0.0,0.0,1.0,1.0,0.0,1.0,1.0,1.0,0.0,0.0,0.0,0.0,0.0,0.0,1.0,0.0,anil_clip_031_2.jpg
87,0,0.0,0.98,1,1.1,1.32,0.24,0.0,1.01,0.39,0.04,0.63,2.33,1.73,0.15,0.32,0.0,0.0,0.33,0.0,0.38,0.0,1.0,0.0,0.0,1.0,1.0,0.0,1.0,1.0,1.0,0.0,0.0,0.0,0.0,0.0,0.0,1.0,0.0,anil_clip_031_3.jpg
88,0,0.0,0.93,1,0.63,0.68,0.14,0.0,1.11,0.54,0.04,0.91,2.66,1.3,0.23,0.15,0.0,0.0,0.58,0.0,0.38,0.0,1.0,0.0,0.0,1.0,1.0,0.0,1.0,1.0,1.0,1.0,0.0,0.0,0.0,0.0,0.0,0.0,0.0,anil_clip_032_1.jpg
89,0,0.0,0.98,1,0.0,0.0,0.0,0.0,1.12,0.65,0.0,1.31,3.08,0.79,0.11,0.02,0.0,0.0,0.9,0.0,0.0,0.0,1.0,0.0,0.0,1.0,1.0,0.0,1.0,1.0,1.0,1.0,0.0,0.0,0.0,0.0,0.0,0.0,0.0,anil_clip_032_2.jpg
90,0,0.0,0.98,1,0.0,0.0,0.92,0.0,1.88,1.0,0.79,1.29,2.34,1.71,0.54,0.29,0.46,0.0,0.79,0.0,0.02,0.0,1.0,1.0,0.0,1.0,1.0,0.0,1.0,1.0,1.0,1.0,0.0,0.0,0.0,0.0,0.0,0.0,0.0,anil_clip_032_3.jpg
91,0,0.0,0.93,1,0.0,0.0,1.66,0.0,2.58,1.54,1.56,1.24,1.61,2.35,0.91,0.65,1.02,0.0,0.59,0.0,0.08,0.0,1.0,0.0,0.0,1.0,1.0,0.0,1.0,1.0,1.0,1.0,1.0,0.0,0.0,0.0,0.0,0.0,0.0,anil_clip_033_1.jpg
92,0,0.0,0.93,1,0.0,0.0,2.56,0.0,3.33,1.99,2.29,1.26,0.9,2.89,1.55,0.94,1.48,0.0,0.48,0.0,0.14,0.0,1.0,0.0,0.0,1.0,1.0,0.0,1.0,1.0,1.0,1.0,1.0,0.0,0.0,0.0,0.0,0.0,0.0,anil_clip_033_2.jpg
93,0,0.0,0.93,1,0.21,0.03,1.73,0.0,2.21,1.45,1.5,1.11,1.02,2.52,1.1,1.59,1.03,0.05,0.26,0.33,0.42,0.0,1.0,0.0,0.0,1.0,1.0,0.0,1.0,1.0,1.0,1.0,1.0,0.0,0.0,0.0,0.0,0.0,0.0,anil_clip_033_3.jpg
94,0,0.0,0.98,1,0.42,0.05,0.99,0.0,1.14,0.76,0.73,0.97,1.17,2.11,0.64,2.15,0.46,0.11,0.21,0.67,0.54,0.0,0.0,0.0,0.0,1.0,1.0,0.0,1.0,1.0,1.0,1.0,1.0,0.0,0.0,0.0,0.0,0.0,0.0,anil_clip_034_1.jpg
95,0,0.0,0.98,1,0.63,0.08,0.08,0.0,0.0,0.17,0.0,0.82,1.21,1.67,0.0,2.75,0.0,0.11,0.0,0.95,0.81,0.0,0.0,0.0,0.0,1.0,1.0,0.0,1.0,1.0,1.0,1.0,1.0,0.0,0.0,0.0,0.0,0.0,0.0,anil_clip_034_2.jpg
96,0,0.0,0.98,1,0.46,0.05,0.0,0.0,0.37,0.87,0.0,0.7,1.15,1.29,0.16,2.31,0.0,0.06,0.37,0.89,0.51,0.0,0.0,0.0,0.0,1.0,1.0,0.0,1.0,1.0,1.0,1.0,1.0,0.0,0.0,0.0,0.0,0.0,0.0,anil_clip_034_3.jpg
97,0,0.0,0.93,1,0.25,0.03,0.0,0.0,0.69,1.65,0.0,0.57,1.15,0.95,0.35,1.68,0.0,0.0,0.75,0.55,0.33,0.0,0.0,0.0,0.0,1.0,1.0,0.0,1.0,1.0,1.0,1.0,1.0,0.0,0.0,0.0,0.0,0.0,0.0,anil_clip_035_1.jpg
98,0,0.0,0.98,1,0.04,0.0,0.03,0.0,1.06,2.28,0.0,0.57,1.22,0.55,0.69,0.94,0.0,0.05,1.08,0.27,0.0,0.0,0.0,0.0,0.0,1.0,1.0,0.0,1.0,1.0,1.0,1.0,1.0,0.0,0.0,0.0,0.0,0.0,0.0,anil_clip_035_2.jpg
99,0,0.0,0.98,1,0.0,0.0,0.03,0.0,0.93,1.53,0.03,0.48,1.27,0.37,0.53,0.44,0.1,0.05,0.92,0.88,0.0,0.0,0.0,0.0,0.0,1.0,1.0,0.0,1.0,1.0,1.0,1.0,0.0,0.0,0.0,0.0,0.0,0.0,0.0,anil_clip_035_3.jpg
100,0,0.0,0.93,1,0.0,0.0,0.03,0.0,0.89,0.83,0.08,0.35,1.28,0.17,0.34,0.14,0.21,0.05,0.69,1.66,0.0,0.0,0.0,0.0,0.0,1.0,1.0,0.0,1.0,1.0,1.0,1.0,0.0,0.0,0.0,0.0,0.0,0.0,0.0,anil_clip_037_1.jpg
101,0,0.0,0.93,1,0.0,0.0,0.0,0.0,0.77,0.24,0.15,0.15,1.17,0.1,0.0,0.0,0.23,0.0,0.39,2.47,0.0,0.0,0.0,0.0,0.0,1.0,1.0,0.0,1.0,1.0,1.0,1.0,0.0,0.0,0.0,0.0,0.0,0.0,0.0,anil_clip_037_2.jpg
102,0,0.0,0.93,1,0.0,0.0,0.0,0.0,0.64,0.23,0.21,0.7,1.34,0.1,0.44,0.61,0.16,0.2,0.18,2.04,0.0,0.0,0.0,0.0,0.0,1.0,1.0,0.0,1.0,1.0,1.0,1.0,0.0,0.0,0.0,0.0,0.0,0.0,0.0,anil_clip_037_3.jpg
103,0,0.0,0.82,1,0.0,0.0,0.0,0.0,0.51,0.14,0.26,1.36,1.43,0.06,0.87,1.26,0.05,0.34,0.26,1.66,0.0,0.0,0.0,0.0,0.0,1.0,1.0,0.0,1.0,1.0,1.0,1.0,1.0,1.0,0.0,0.0,0.0,0.0,0.0,anil_clip_038_1.jpg
104,0,0.0,0.98,1,0.0,0.0,0.0,0.08,0.62,0.0,0.4,1.65,1.7,0.01,1.32,2.05,0.19,0.83,0.22,1.09,0.0,0.0,0.0,0.0,1.0,1.0,1.0,0.0,1.0,1.0,0.0,1.0,1.0,1.0,0.0,0.0,0.0,0.0,0.0,anil_clip_038_2.jpg
105,0,0.0,0.82,1,0.0,0.0,0.0,0.08,0.52,0.0,0.31,1.34,1.59,0.01,0.87,2.05,0.17,0.75,0.22,0.77,0.0,0.0,0.0,0.0,1.0,1.0,1.0,0.0,1.0,1.0,0.0,1.0,1.0,1.0,0.0,0.0,0.0,0.0,0.0,anil_clip_038_3.jpg
106,0,0.0,0.93,1,0.0,0.0,0.0,0.08,0.45,0.0,0.21,0.98,1.59,0.0,0.44,2.08,0.17,0.67,0.0,0.39,0.0,0.0,0.0,0.0,1.0,1.0,1.0,0.0,1.0,1.0,0.0,1.0,1.0,0.0,0.0,0.0,0.0,0.0,0.0,anil_clip_039_1.jpg
107,0,0.0,0.98,1,0.0,0.0,0.0,0.0,0.16,0.0,0.0,0.98,1.48,0.0,0.0,1.91,0.11,0.17,0.0,0.26,0.0,0.0,0.0,0.0,1.0,1.0,1.0,0.0,1.0,1.0,0.0,1.0,1.0,0.0,0.0,0.0,0.0,0.0,0.0,anil_clip_039_2.jpg
108,0,0.0,0.98,1,0.0,0.0,0.0,0.0,0.28,0.14,0.05,1.02,1.53,0.12,0.0,1.8,0.11,0.05,0.0,0.34,0.0,0.0,0.0,0.0,0.0,1.0,1.0,0.0,1.0,1.0,0.0,1.0,1.0,0.0,0.0,0.0,0.0,0.0,0.0,anil_clip_039_3.jpg
109,0,0.0,0.98,1,0.0,0.0,0.0,0.0,0.41,0.38,0.1,1.07,1.52,0.18,0.08,1.57,0.11,0.01,0.0,0.51,0.0,0.0,0.0,0.0,1.0,1.0,1.0,0.0,1.0,1.0,0.0,1.0,1.0,0.0,0.0,0.0,0.0,0.0,0.0,anil_clip_040_1.jpg
110,0,0.0,0.98,1,0.0,0.0,0.0,0.0,0.61,0.6,0.13,1.09,1.55,0.25,0.08,1.5,0.0,0.0,0.0,0.77,0.0,0.0,0.0,0.0,0.0,1.0,1.0,0.0,1.0,1.0,0.0,1.0,1.0,0.0,0.0,0.0,0.0,0.0,0.0,anil_clip_040_2.jpg
111,0,0.0,0.98,1,0.47,0.0,0.0,0.27,0.46,0.73,0.08,1.34,1.14,0.56,0.1,1.46,0.0,0.12,0.0,0.57,0.01,0.0,1.0,0.0,0.0,1.0,1.0,0.0,1.0,1.0,1.0,1.0,1.0,0.0,0.0,0.0,0.0,0.0,0.0,anil_clip_040_3.jpg
112,0,0.0,0.93,1,0.74,0.0,0.0,0.34,0.26,0.72,0.03,1.43,0.73,0.89,0.1,1.61,0.0,0.35,0.0,0.37,0.01,0.0,1.0,0.0,0.0,1.0,1.0,0.0,1.0,1.0,1.0,1.0,1.0,0.0,0.0,0.0,0.0,0.0,0.0,anil_clip_041 _1.jpg
113,0,0.0,0.98,1,1.06,0.0,0.0,0.34,0.0,0.86,0.0,1.58,0.4,1.01,0.21,1.54,0.0,0.62,0.0,0.0,0.01,0.0,0.0,0.0,0.0,0.0,1.0,0.0,1.0,1.0,1.0,1.0,1.0,0.0,1.0,0.0,0.0,0.0,0.0,anil_clip_041 _2.jpg
114,0,0.0,0.93,1,0.59,0.0,0.0,0.06,0.0,1.08,0.0,1.25,0.61,0.72,0.23,1.76,0.08,0.88,0.0,0.11,0.0,0.0,0.0,0.0,0.0,0.0,1.0,0.0,1.0,1.0,1.0,1.0,1.0,0.0,1.0,0.0,0.0,0.0,0.0,anil_clip_041 _3.jpg
115,0,0.0,0.98,1,0.32,0.0,0.0,0.0,0.02,1.35,0.0,1.14,0.83,0.49,0.16,1.72,0.23,1.07,0.0,0.37,0.0,0.0,0.0,0.0,0.0,0.0,1.0,0.0,1.0,1.0,1.0,1.0,1.0,0.0,1.0,0.0,0.0,0.0,0.0,anil_clip_042_1.jpg
116,0,0.0,0.98,1,0.0,0.0,0.0,0.0,0.04,1.34,0.0,0.95,0.95,0.48,0.05,1.9,0.39,1.24,0.0,0.63,0.0,0.0,0.0,0.0,0.0,0.0,1.0,0.0,1.0,1.0,1.0,1.0,1.0,0.0,1.0,0.0,0.0,0.0,0.0,anil_clip_042_2.jpg
117,0,0.0,0.98,1,0.0,0.0,0.0,0.36,0.1,1.24,0.09,0.7,0.86,0.34,0.0,1.43,0.3,0.94,0.0,0.8,0.0,1.0,0.0,0.0,0.0,0.0,1.0,0.0,1.0,1.0,1.0,1.0,1.0,0.0,1.0,0.0,0.0,0.0,0.0,anil_clip_042_3.jpg
118,0,0.0,0.93,1,0.0,0.0,0.0,0.73,0.15,1.24,0.15,0.34,0.8,0.2,0.0,1.12,0.15,0.56,0.0,0.8,0.0,1.0,0.0,0.0,0.0,0.0,1.0,0.0,1.0,1.0,1.0,1.0,1.0,0.0,1.0,0.0,0.0,0.0,0.0,anil_clip_043_1.jpg
119,0,0.0,0.93,1,0.0,0.0,0.0,1.12,0.21,1.3,0.2,0.0,0.74,0.01,0.0,0.73,0.0,0.16,0.0,0.79,0.0,1.0,0.0,0.0,0.0,0.0,1.0,0.0,1.0,1.0,1.0,1.0,1.0,0.0,1.0,0.0,0.0,0.0,0.0,anil_clip_043_2.jpg
120,0,0.0,0.93,1,0.0,0.0,0.0,0.77,0.15,1.32,0.11,0.2,0.7,0.23,0.11,1.1,0.1,0.09,0.13,1.39,0.57,1.0,0.0,0.0,0.0,1.0,1.0,0.0,1.0,1.0,1.0,1.0,1.0,0.0,0.0,0.0,0.0,0.0,0.0,anil_clip_043_3.jpg
121,0,0.0,0.88,1,0.0,0.0,0.02,0.4,0.11,1.22,0.05,0.34,0.6,0.35,0.2,1.31,0.16,0.04,0.21,2.02,1.22,1.0,0.0,0.0,0.0,1.0,1.0,0.0,1.0,1.0,1.0,1.0,1.0,0.0,0.0,0.0,0.0,0.0,1.0,asmita_clip_001_1.jpg
122,0,0.0,0.88,1,0.02,0.0,0.08,0.0,0.02,1.23,0.0,0.44,0.49,0.57,0.42,1.53,0.28,0.0,0.32,2.66,1.77,1.0,0.0,0.0,0.0,1.0,1.0,0.0,1.0,1.0,1.0,1.0,1.0,0.0,0.0,0.0,0.0,0.0,1.0,asmita_clip_001_2.jpg
123,0,0.0,0.88,1,0.07,0.0,0.08,0.0,0.57,1.43,0.01,0.47,1.05,0.89,0.31,1.37,0.18,0.0,0.78,2.04,1.32,1.0,0.0,0.0,0.0,1.0,1.0,0.0,1.0,1.0,1.0,1.0,1.0,0.0,0.0,0.0,0.0,0.0,1.0,asmita_clip_001_3.jpg
124,0,0.0,0.98,1,0.07,0.0,0.91,0.0,0.62,1.04,0.08,0.35,1.15,1.12,0.67,2.06,0.41,0.5,0.69,1.16,0.66,0.0,0.0,0.0,0.0,1.0,1.0,0.0,1.0,1.0,1.0,1.0,1.0,0.0,0.0,1.0,0.0,0.0,1.0,asmita_clip_002_1.jpg
125,0,0.0,0.98,1,0.15,0.0,0.85,0.0,1.12,1.46,0.11,0.46,1.58,1.29,0.45,2.04,0.29,0.5,1.03,0.54,0.2,0.0,0.0,0.0,0.0,1.0,0.0,0.0,1.0,1.0,1.0,1.0,1.0,0.0,0.0,0.0,0.0,0.0,1.0,asmita_clip_002_2.jpg
126,0,0.0,0.98,1,0.1,0.0,0.95,0.0,1.39,1.43,0.18,1.07,1.54,1.29,0.62,2.31,0.65,0.5,1.26,0.53,0.08,0.0,0.0,0.0,0.0,1.0,0.0,0.0,1.0,1.0,1.0,1.0,1.0,0.0,0.0,0.0,0.0,0.0,0.0,asmita_clip_002_3.jpg
127,0,0.0,0.98,1,0.1,0.0,0.1,0.0,2.11,1.88,0.12,1.84,2.02,1.56,0.47,1.91,0.62,0.0,1.85,0.58,0.08,0.0,0.0,0.0,0.0,1.0,0.0,0.0,1.0,1.0,1.0,1.0,1.0,0.0,0.0,0.0,0.0,0.0,0.0,asmita_clip_003_1.jpg
128,0,0.0,0.98,1,0.0,0.0,0.18,0.0,2.49,1.65,0.1,2.46,2.15,1.69,0.63,2.04,0.97,0.0,2.17,0.68,0.0,0.0,0.0,0.0,0.0,1.0,0.0,0.0,1.0,1.0,1.0,1.0,1.0,0.0,0.0,1.0,0.0,0.0,0.0,asmita_clip_003_2.jpg
129,0,0.0,0.98,1,0.0,0.0,0.09,0.0,1.83,1.37,0.02,2.05,2.52,1.82,0.46,1.42,0.62,0.0,1.37,0.47,0.53,0.0,0.0,0.0,0.0,1.0,0.0,0.0,1.0,1.0,1.0,1.0,0.0,0.0,0.0,1.0,0.0,0.0,0.0,asmita_clip_003_3.jpg
130,0,0.0,0.98,1,0.0,0.0,0.09,0.0,1.27,0.92,0.01,1.76,2.89,1.74,0.17,0.66,0.35,0.0,0.88,0.42,0.53,0.0,0.0,0.0,0.0,1.0,0.0,0.0,1.0,1.0,1.0,0.0,1.0,0.0,0.0,1.0,0.0,0.0,0.0,asmita_clip_004_1.jpg
131,0,0.0,0.98,1,0.0,0.0,0.0,0.0,0.74,0.4,0.0,1.55,3.28,2.02,0.0,0.13,0.0,0.0,0.16,0.06,0.97,0.0,0.0,0.0,0.0,1.0,0.0,0.0,1.0,1.0,1.0,0.0,1.0,0.0,0.0,1.0,0.0,0.0,1.0,asmita_clip_004_2.jpg
132,0,0.0,0.98,1,0.0,0.0,0.0,0.0,0.95,0.14,0.0,1.35,3.29,1.79,0.28,0.51,0.0,0.21,0.15,0.01,1.67,0.0,0.0,0.0,0.0,1.0,0.0,0.0,1.0,1.0,1.0,0.0,0.0,0.0,0.0,1.0,0.0,0.0,1.0,asmita_clip_004_3.jpg
133,0,0.0,0.98,1,0.0,0.0,0.0,0.0,1.13,0.33,0.0,1.12,3.26,1.65,0.41,0.86,0.0,0.44,0.04,0.01,2.96,0.0,0.0,0.0,0.0,1.0,0.0,0.0,1.0,1.0,1.0,0.0,0.0,0.0,0.0,0.0,0.0,0.0,1.0,asmita_clip_006_1.jpg
134,0,0.0,0.98,1,0.0,0.0,0.0,0.0,1.21,0.24,0.0,0.85,3.07,1.26,0.72,1.15,0.0,0.57,0.0,0.0,3.53,0.0,0.0,0.0,0.0,1.0,0.0,0.0,1.0,1.0,1.0,0.0,1.0,0.0,0.0,0.0,0.0,0.0,1.0,asmita_clip_006_2.jpg
135,0,0.0,0.98,1,0.0,0.0,0.0,0.0,1.41,0.65,0.07,1.16,2.72,1.8,0.85,1.34,0.18,0.36,0.0,0.0,2.31,0.0,0.0,0.0,0.0,1.0,1.0,0.0,1.0,1.0,1.0,0.0,1.0,0.0,0.0,0.0,0.0,0.0,1.0,asmita_clip_006_3.jpg
136,0,0.0,0.98,1,0.0,0.0,0.05,0.0,1.58,0.93,0.07,1.54,2.18,1.87,1.54,1.66,0.76,0.13,0.28,0.19,1.01,0.0,0.0,0.0,0.0,1.0,1.0,0.0,1.0,1.0,1.0,0.0,1.0,0.0,1.0,0.0,0.0,0.0,1.0,asmita_clip_007_1.jpg
137,0,0.0,0.98,1,0.0,0.0,0.19,0.0,1.58,1.26,0.24,1.33,1.6,1.55,1.68,1.87,0.82,0.05,0.28,0.19,0.0,0.0,0.0,0.0,0.0,1.0,1.0,0.0,1.0,1.0,1.0,1.0,1.0,0.0,1.0,0.0,0.0,0.0,0.0,asmita_clip_007_2.jpg
138,0,0.0,0.88,1,0.77,0.79,1.25,0.0,1.02,1.84,0.16,1.11,1.31,0.8,1.26,1.6,0.63,0.05,0.46,0.31,0.11,0.0,0.0,0.0,0.0,1.0,1.0,0.0,1.0,1.0,1.0,1.0,1.0,0.0,1.0,0.0,0.0,0.0,0.0,asmita_clip_007_3.jpg
139,0,0.0,0.93,1,1.05,1.05,1.94,0.0,0.64,2.6,0.16,0.46,1.04,0.31,0.5,1.2,0.05,0.05,0.39,0.59,0.11,0.0,1.0,0.0,0.0,1.0,1.0,0.0,1.0,1.0,1.0,1.0,1.0,0.0,1.0,0.0,0.0,0.0,0.0,asmita_clip_008_1.jpg
140,0,0.0,0.98,1,1.39,1.31,2.6,0.0,0.47,3.55,0.0,0.41,1.0,0.23,0.12,0.88,0.0,0.0,0.64,1.14,0.11,0.0,1.0,0.0,0.0,1.0,1.0,0.0,1.0,1.0,1.0,1.0,1.0,0.0,0.0,0.0,0.0,0.0,0.0,asmita_clip_008_2.jpg
141,0,0.0,0.98,1,0.61,0.52,1.54,0.0,0.45,2.51,0.0,0.16,1.13,0.0,0.13,0.5,0.0,0.0,0.56,1.09,0.0,0.0,1.0,0.0,0.0,1.0,1.0,0.0,1.0,1.0,1.0,1.0,0.0,0.0,0.0,0.0,0.0,0.0,0.0,asmita_clip_008_3.jpg
142,0,0.0,0.98,1,0.34,0.26,0.8,0.0,0.25,1.28,0.0,0.16,1.35,0.0,0.13,0.25,0.0,0.0,0.53,0.66,0.0,1.0,1.0,1.0,0.0,1.0,1.0,0.0,1.0,1.0,1.0,1.0,0.0,0.0,0.0,1.0,0.0,0.0,0.0,asmita_clip_009_1.jpg
143,0,0.0,0.98,1,0.0,0.0,0.0,0.0,0.0,0.0,0.0,0.15,1.63,0.43,0.18,0.19,0.0,0.0,0.29,0.12,0.0,1.0,1.0,1.0,0.0,1.0,1.0,0.0,1.0,1.0,1.0,1.0,0.0,0.0,0.0,1.0,1.0,0.0,0.0,asmita_clip_009_2.jpg
144,0,0.0,0.98,1,0.5,0.0,0.47,0.0,0.24,0.12,0.0,0.59,1.34,0.52,0.27,0.19,0.0,0.0,0.68,0.37,0.0,1.0,0.0,1.0,0.0,1.0,1.0,0.0,1.0,1.0,1.0,1.0,0.0,0.0,0.0,1.0,1.0,0.0,0.0,asmita_clip_009_3.jpg
145,0,0.0,0.93,1,1.07,0.0,0.92,0.0,0.52,0.22,0.0,1.02,1.13,0.7,0.39,0.18,0.0,0.0,1.04,0.49,0.07,0.0,0.0,0.0,0.0,1.0,1.0,0.0,1.0,1.0,1.0,1.0,0.0,0.0,0.0,0.0,0.0,0.0,0.0,asmita_clip_010_1.jpg
146,0,0.0,0.93,1,1.63,0.0,1.22,0.0,0.81,0.22,0.0,1.63,0.84,0.41,0.41,0.06,0.0,0.0,1.56,0.84,0.1,0.0,0.0,0.0,0.0,1.0,1.0,0.0,1.0,1.0,1.0,1.0,0.0,0.0,0.0,0.0,0.0,0.0,0.0,asmita_clip_010_2.jpg
147,0,0.0,0.93,1,1.14,0.0,0.95,0.0,0.98,0.94,0.0,1.27,1.01,0.52,0.31,0.26,0.0,0.04,1.33,0.79,0.1,0.0,0.0,0.0,0.0,1.0,1.0,0.0,1.0,1.0,1.0,1.0,0.0,0.0,0.0,0.0,0.0,0.0,0.0,asmita_clip_010_3.jpg
148,0,0.0,0.88,1,0.56,0.06,0.79,0.0,1.16,1.45,0.0,1.07,1.14,0.46,0.13,0.45,0.0,0.22,1.06,0.93,0.03,1.0,1.0,0.0,0.0,1.0,1.0,0.0,1.0,1.0,1.0,1.0,0.0,0.0,0.0,0.0,0.0,0.0,0.0,asmita_clip_011_1.jpg
149,0,0.0,0.88,1,0.0,0.06,0.66,0.07,1.2,1.96,0.0,0.59,1.28,0.32,0.0,0.52,0.0,0.55,0.67,0.95,0.0,1.0,1.0,0.0,0.0,1.0,1.0,0.0,1.0,1.0,1.0,1.0,0.0,0.0,0.0,0.0,0.0,0.0,0.0,asmita_clip_011_2.jpg
150,0,0.0,0.93,1,0.36,0.14,0.45,0.07,1.35,1.57,0.0,0.73,1.38,0.56,0.03,0.6,0.0,0.54,0.57,1.18,0.0,1.0,1.0,0.0,0.0,1.0,1.0,0.0,1.0,1.0,1.0,1.0,1.0,0.0,0.0,0.0,0.0,0.0,0.0,asmita_clip_011_3.jpg
151,0,0.0,0.98,1,0.88,0.21,0.17,0.07,1.44,1.3,0.0,0.87,1.47,0.88,0.06,0.67,0.0,0.4,0.35,1.25,0.0,1.0,1.0,0.0,0.0,1.0,1.0,0.0,1.0,1.0,1.0,0.0,1.0,0.0,0.0,0.0,0.0,0.0,0.0,asmita_clip_012_1.jpg
152,0,0.0,0.98,1,1.4,0.34,0.0,0.0,1.65,1.23,0.0,0.97,1.57,1.37,0.16,0.86,0.04,0.11,0.31,1.32,0.0,1.0,1.0,0.0,1.0,1.0,1.0,0.0,1.0,1.0,1.0,0.0,0.0,0.0,0.0,0.0,0.0,0.0,0.0,asmita_clip_012_2.jpg
153,0,0.0,0.98,1,1.23,0.26,0.0,0.0,1.41,1.3,0.0,0.75,1.89,1.13,0.13,0.58,0.04,0.09,0.66,1.08,0.01,1.0,1.0,0.0,1.0,1.0,1.0,0.0,1.0,1.0,1.0,0.0,0.0,0.0,0.0,0.0,0.0,0.0,0.0,asmita_clip_012_3.jpg
154,0,0.0,0.98,1,0.97,0.13,0.0,0.0,1.13,1.59,0.0,0.46,2.28,0.93,0.1,0.34,0.04,0.05,0.93,0.83,0.11,1.0,1.0,0.0,0.0,1.0,1.0,0.0,1.0,1.0,1.0,0.0,0.0,0.0,0.0,1.0,0.0,0.0,1.0,asmita_clip_013_1.jpg
155,0,0.0,0.98,1,0.72,0.0,0.0,0.0,0.88,1.84,0.0,0.16,2.64,0.68,0.0,0.01,0.0,0.0,1.25,0.51,0.2,1.0,1.0,0.0,0.0,1.0,1.0,0.0,1.0,1.0,1.0,0.0,0.0,0.0,0.0,1.0,0.0,0.0,1.0,asmita_clip_013_2.jpg
156,0,0.0,0.98,1,0.53,0.0,0.08,0.0,1.51,2.28,0.0,0.39,2.7,1.08,0.0,0.01,0.0,0.0,1.14,0.41,0.47,1.0,0.0,0.0,0.0,1.0,1.0,0.0,1.0,1.0,1.0,0.0,0.0,0.0,0.0,1.0,0.0,0.0,1.0,asmita_clip_013_3.jpg
157,0,0.0,0.98,1,0.27,0.0,0.19,0.0,2.26,2.7,0.0,0.62,2.81,1.46,0.0,0.0,0.0,0.0,1.2,0.42,0.74,0.0,0.0,0.0,0.0,1.0,1.0,0.0,1.0,1.0,1.0,0.0,0.0,0.0,0.0,1.0,0.0,0.0,1.0,asmita_clip_014_1.jpg
158,0,0.0,0.98,1,0.0,0.0,0.39,0.0,3.0,2.93,0.0,0.89,2.9,1.96,0.0,0.0,0.0,0.0,1.04,0.44,0.9,0.0,0.0,0.0,0.0,1.0,1.0,0.0,1.0,1.0,1.0,0.0,0.0,0.0,0.0,1.0,0.0,0.0,1.0,asmita_clip_014_2.jpg
159,0,0.0,0.98,1,0.0,0.0,0.31,0.0,2.5,2.53,0.0,0.94,2.87,1.57,0.05,0.06,0.0,0.0,0.99,0.37,0.86,0.0,0.0,0.0,0.0,1.0,1.0,0.0,1.0,1.0,1.0,0.0,0.0,0.0,0.0,1.0,0.0,0.0,1.0,asmita_clip_014_3.jpg
160,0,0.0,0.98,1,0.0,0.0,0.19,0.0,2.02,2.17,0.0,1.07,2.82,1.37,0.05,0.08,0.0,0.0,1.0,0.33,0.83,0.0,0.0,0.0,0.0,1.0,1.0,0.0,1.0,1.0,1.0,0.0,0.0,0.0,0.0,1.0,0.0,0.0,1.0,asmita_clip_015_1.jpg
161,0,0.0,0.98,1,0.0,0.0,0.0,0.0,1.57,2.01,0.0,1.26,2.8,1.05,0.05,0.12,0.0,0.0,1.14,0.24,0.89,0.0,0.0,0.0,0.0,1.0,1.0,0.0,1.0,1.0,1.0,0.0,0.0,0.0,0.0,1.0,0.0,0.0,1.0,asmita_clip_015_2.jpg
162,0,0.0,0.98,1,0.08,0.0,0.1,0.0,1.11,2.02,0.0,0.91,1.92,0.83,0.03,0.3,0.0,0.0,0.79,0.69,1.01,0.0,0.0,0.0,0.0,1.0,1.0,0.0,1.0,1.0,1.0,0.0,0.0,0.0,0.0,1.0,0.0,0.0,1.0,asmita_clip_015_3.jpg
163,0,0.0,0.93,1,0.96,0.21,0.22,0.0,0.63,1.41,0.0,0.73,1.24,0.64,0.03,0.39,0.0,0.0,0.39,0.97,0.81,0.0,0.0,0.0,0.0,1.0,1.0,0.0,1.0,1.0,1.0,0.0,0.0,0.0,0.0,1.0,0.0,0.0,1.0,asmita_clip_016_1.jpg
164,0,0.0,0.88,1,1.9,0.39,0.42,0.0,0.07,0.88,0.0,0.53,0.58,0.4,0.08,0.48,0.0,0.0,0.0,1.3,0.62,0.0,0.0,0.0,0.0,1.0,1.0,0.0,1.0,1.0,1.0,0.0,0.0,0.0,0.0,1.0,0.0,0.0,1.0,asmita_clip_016_2.jpg
165,0,0.0,0.93,1,1.82,0.39,0.32,0.0,0.68,0.92,0.23,1.06,1.45,0.46,0.05,0.23,0.0,0.0,0.43,0.97,0.3,0.0,0.0,0.0,0.0,1.0,1.0,0.0,1.0,1.0,1.0,0.0,0.0,0.0,0.0,1.0,0.0,0.0,0.0,asmita_clip_016_3.jpg
166,0,0.0,0.98,1,0.94,0.18,0.2,0.0,1.29,1.43,0.42,1.42,2.12,0.36,0.05,0.13,0.0,0.0,0.97,0.97,0.21,0.0,0.0,0.0,0.0,1.0,1.0,0.0,1.0,1.0,1.0,0.0,0.0,0.0,0.0,1.0,0.0,0.0,0.0,asmita_clip_017_1.jpg
167,0,0.0,0.98,1,0.0,0.0,0.0,0.0,1.89,1.74,0.64,1.76,2.74,0.39,0.0,0.0,0.0,0.0,1.36,0.82,0.1,0.0,0.0,0.0,0.0,1.0,1.0,0.0,1.0,1.0,1.0,0.0,0.0,0.0,0.0,1.0,0.0,0.0,0.0,asmita_clip_017_2.jpg
168,0,0.0,0.98,1,0.14,0.0,0.0,0.0,1.55,1.57,0.41,2.05,2.83,0.69,0.06,0.44,0.03,0.0,1.32,1.09,0.21,0.0,0.0,0.0,0.0,1.0,1.0,0.0,1.0,1.0,1.0,0.0,0.0,0.0,0.0,1.0,0.0,0.0,0.0,asmita_clip_017_3.jpg
169,0,0.0,0.93,1,0.28,0.0,0.0,0.0,1.05,1.42,0.22,2.33,2.71,0.9,0.07,0.71,0.03,0.0,1.02,0.72,0.15,0.0,0.0,0.0,0.0,1.0,1.0,0.0,1.0,1.0,1.0,0.0,0.0,0.0,0.0,1.0,0.0,0.0,0.0,asmita_clip_018_1.jpg
170,0,0.0,0.98,1,0.44,0.0,0.07,0.0,0.77,1.47,0.05,2.47,2.66,1.15,0.07,1.24,0.2,0.0,0.86,0.92,0.15,0.0,0.0,0.0,0.0,1.0,1.0,0.0,1.0,1.0,1.0,0.0,0.0,0.0,0.0,1.0,0.0,0.0,1.0,asmita_clip_018_2.jpg
171,0,0.0,0.88,1,0.3,0.0,0.07,0.0,1.07,1.94,0.05,1.89,2.67,0.99,0.01,1.45,0.17,0.0,0.85,1.03,0.64,0.0,0.0,0.0,1.0,1.0,1.0,0.0,1.0,1.0,1.0,0.0,0.0,0.0,0.0,1.0,1.0,0.0,0.0,asmita_clip_018_3.jpg
172,0,0.0,0.93,1,0.37,0.0,0.07,0.0,1.61,2.24,0.05,1.36,2.82,0.98,0.0,1.56,0.36,0.0,0.89,1.37,1.11,0.0,0.0,0.0,1.0,1.0,1.0,0.0,1.0,1.0,1.0,0.0,0.0,0.0,0.0,1.0,1.0,0.0,1.0,asmita_clip_019_1.jpg
173,0,0.0,0.93,1,0.21,0.0,0.0,0.0,2.01,2.53,0.0,0.95,2.9,0.77,0.0,1.43,0.19,0.11,1.07,1.28,1.28,1.0,0.0,0.0,0.0,1.0,1.0,0.0,1.0,1.0,1.0,0.0,0.0,0.0,0.0,1.0,1.0,0.0,0.0,asmita_clip_019_2.jpg
174,0,0.0,0.88,1,0.56,0.0,1.12,0.05,1.97,3.3,0.21,1.25,2.17,0.69,0.0,1.58,0.19,0.11,0.68,1.31,0.84,1.0,0.0,0.0,0.0,1.0,1.0,0.0,1.0,1.0,1.0,1.0,1.0,0.0,0.0,1.0,1.0,0.0,0.0,asmita_clip_019_3.jpg
175,0,0.0,0.93,1,0.69,0.0,2.2,0.09,1.87,4.22,0.45,1.51,1.49,0.56,0.0,2.13,0.0,0.28,0.6,1.77,0.66,1.0,0.0,0.0,0.0,1.0,1.0,0.0,1.0,1.0,1.0,1.0,0.0,0.0,0.0,1.0,1.0,0.0,1.0,asmita_clip_020_1.jpg
176,0,0.0,0.98,1,1.06,0.0,3.16,0.15,1.78,5.0,0.62,1.85,0.9,0.64,0.0,2.62,0.0,0.41,0.37,2.11,0.73,1.0,0.0,0.0,0.0,1.0,1.0,0.0,1.0,1.0,1.0,1.0,0.0,0.0,0.0,1.0,1.0,0.0,1.0,asmita_clip_020_2.jpg
177,0,0.0,0.98,1,0.76,0.0,2.04,0.1,1.78,4.12,0.41,2.05,1.64,1.15,0.0,1.82,0.0,0.41,0.67,2.1,0.52,1.0,0.0,0.0,0.0,1.0,1.0,0.0,1.0,1.0,1.0,0.0,0.0,0.0,0.0,1.0,1.0,0.0,1.0,asmita_clip_020_3.jpg
178,0,0.0,0.98,1,0.49,0.0,0.95,0.06,1.72,3.13,0.17,2.27,2.36,1.63,0.0,0.93,0.0,0.24,0.82,1.87,0.23,1.0,0.0,0.0,0.0,1.0,1.0,0.0,1.0,1.0,1.0,0.0,0.0,0.0,0.0,1.0,1.0,0.0,1.0,asmita_clip_021_1.jpg
179,0,0.0,0.98,1,0.18,0.0,0.0,0.0,1.56,2.2,0.0,2.39,3.07,1.99,0.0,0.05,0.0,0.0,0.93,1.71,0.0,1.0,0.0,0.0,0.0,1.0,1.0,0.0,1.0,1.0,1.0,0.0,0.0,0.0,0.0,1.0,1.0,0.0,0.0,asmita_clip_021_2.jpg
180,0,0.0,0.98,1,0.57,0.56,0.0,0.0,1.28,1.87,0.0,1.64,2.86,1.44,0.0,0.12,0.0,0.0,0.8,1.4,0.22,1.0,0.0,0.0,0.0,1.0,1.0,0.0,1.0,1.0,1.0,0.0,0.0,0.0,0.0,1.0,1.0,0.0,0.0,asmita_clip_021_3.jpg
181,0,0.0,0.98,1,1.01,1.1,0.0,0.0,0.96,1.68,0.0,0.8,2.53,0.85,0.0,0.11,0.0,0.0,0.52,1.13,0.36,1.0,1.0,0.0,0.0,1.0,1.0,0.0,1.0,1.0,1.0,0.0,0.0,0.0,0.0,1.0,1.0,0.0,1.0,asmita_clip_022_1.jpg
182,0,0.0,0.98,1,1.44,1.6,0.0,0.0,0.72,1.43,0.0,0.0,2.24,0.38,0.0,0.19,0.0,0.0,0.39,0.91,0.57,1.0,1.0,0.0,0.0,1.0,1.0,0.0,1.0,1.0,1.0,0.0,0.0,0.0,0.0,1.0,1.0,0.0,1.0,asmita_clip_022_2.jpg
183,0,0.0,0.98,1,1.19,1.04,0.0,0.0,0.48,0.98,0.0,0.18,1.89,0.73,0.0,0.12,0.0,0.0,0.71,0.94,1.15,1.0,1.0,0.0,1.0,1.0,1.0,0.0,1.0,1.0,1.0,0.0,0.0,0.0,0.0,1.0,1.0,0.0,1.0,asmita_clip_022_3.jpg
184,0,0.0,0.93,1,1.09,0.51,0.0,0.0,0.26,0.49,0.0,0.47,1.72,1.03,0.0,0.08,0.0,0.0,1.31,0.99,2.0,1.0,1.0,0.0,0.0,1.0,1.0,0.0,1.0,1.0,1.0,0.0,0.0,0.0,0.0,0.0,1.0,0.0,0.0,asmita_clip_023_1.jpg
185,0,0.0,0.93,1,1.02,0.0,0.0,0.0,0.0,0.0,0.0,0.72,1.41,1.18,0.02,0.0,0.0,0.0,1.67,0.89,2.77,1.0,1.0,0.0,0.0,1.0,1.0,0.0,1.0,1.0,1.0,0.0,0.0,0.0,0.0,0.0,0.0,0.0,0.0,asmita_clip_023_2.jpg
186,0,0.0,0.98,1,0.81,0.0,0.0,0.0,0.6,0.86,0.0,0.81,1.78,1.25,0.02,0.22,0.0,0.15,1.18,0.54,2.08,1.0,1.0,0.0,0.0,1.0,1.0,0.0,1.0,1.0,1.0,0.0,0.0,0.0,0.0,0.0,0.0,0.0,0.0,asmita_clip_023_3.jpg
187,0,0.0,0.93,1,0.42,0.0,0.0,0.0,1.21,1.79,0.0,0.77,2.01,1.33,0.02,0.5,0.0,0.3,0.52,0.19,1.16,1.0,1.0,0.0,1.0,1.0,1.0,0.0,1.0,1.0,1.0,0.0,0.0,0.0,0.0,1.0,0.0,0.0,0.0,asmita_clip_024_1.jpg
188,0,0.0,0.93,1,0.0,0.0,0.0,0.0,1.84,2.57,0.0,0.9,2.35,1.49,0.0,0.77,0.0,0.46,0.0,0.0,0.23,1.0,1.0,0.0,1.0,1.0,1.0,0.0,1.0,1.0,1.0,0.0,0.0,0.0,0.0,1.0,0.0,0.0,0.0,asmita_clip_024_2.jpg
189,0,0.0,0.93,1,0.23,0.06,0.0,0.0,1.39,1.99,0.0,0.83,2.3,1.25,0.0,0.71,0.0,0.31,0.01,0.74,0.13,1.0,1.0,0.0,1.0,1.0,1.0,0.0,1.0,1.0,1.0,0.0,0.0,0.0,0.0,0.0,0.0,0.0,0.0,asmita_clip_024_3.jpg
190,0,0.0,0.98,1,0.38,0.2,0.0,0.06,0.92,1.37,0.0,0.73,2.33,0.88,0.0,0.54,0.0,0.16,0.19,1.53,0.06,0.0,0.0,0.0,0.0,1.0,1.0,0.0,1.0,1.0,1.0,0.0,0.0,0.0,0.0,0.0,0.0,0.0,0.0,asmita_clip_025_1.jpg
191,0,0.0,0.98,1,0.66,0.38,0.0,0.06,0.43,0.72,0.0,0.53,2.3,0.61,0.0,0.52,0.0,0.0,0.19,2.38,0.0,0.0,0.0,0.0,0.0,1.0,1.0,0.0,1.0,1.0,1.0,0.0,0.0,0.0,0.0,1.0,1.0,0.0,0.0,asmita_clip_025_2.jpg
192,0,0.0,0.98,1,0.43,0.32,0.02,0.06,0.96,0.72,0.0,1.14,2.42,0.76,0.0,0.62,0.0,0.0,0.76,2.39,0.23,0.0,0.0,0.0,0.0,1.0,0.0,0.0,1.0,1.0,1.0,0.0,0.0,0.0,0.0,1.0,1.0,0.0,0.0,asmita_clip_025_3.jpg
193,0,0.0,0.98,1,0.28,0.18,0.02,0.0,1.52,0.58,0.0,1.83,2.46,1.03,0.0,0.82,0.0,0.0,1.08,2.31,0.57,0.0,1.0,0.0,0.0,1.0,0.0,0.0,1.0,1.0,1.0,0.0,0.0,0.0,0.0,1.0,1.0,0.0,0.0,asmita_clip_027_1.jpg
194,0,0.0,0.98,1,0.0,0.0,0.14,0.0,2.08,0.88,0.0,2.59,2.57,1.26,0.03,0.82,0.0,0.06,1.63,2.25,0.72,0.0,0.0,0.0,0.0,1.0,0.0,0.0,1.0,1.0,1.0,0.0,0.0,0.0,0.0,1.0,1.0,0.0,0.0,asmita_clip_027_2.jpg
195,0,0.0,0.98,1,0.02,0.0,0.58,0.0,2.01,0.95,0.21,1.93,2.63,1.09,0.03,0.56,0.0,0.06,1.76,1.5,0.52,0.0,0.0,0.0,0.0,1.0,0.0,0.0,1.0,1.0,1.0,0.0,0.0,0.0,0.0,1.0,0.0,0.0,0.0,asmita_clip_027_3.jpg
196,0,0.0,0.93,1,0.02,0.0,0.74,0.0,2.22,1.03,0.21,1.7,3.0,1.26,0.03,0.24,0.0,0.06,2.17,0.79,0.18,0.0,0.0,0.0,0.0,1.0,0.0,0.0,1.0,1.0,1.0,0.0,0.0,0.0,0.0,1.0,0.0,0.0,0.0,asmita_clip_028_1.jpg
197,0,0.0,0.93,1,0.02,0.0,0.79,0.0,2.58,0.95,0.33,1.52,3.34,1.39,0.0,0.14,0.0,0.0,2.18,0.0,0.15,0.0,0.0,0.0,0.0,1.0,0.0,0.0,1.0,1.0,1.0,0.0,0.0,0.0,0.0,1.0,0.0,0.0,0.0,asmita_clip_028_2.jpg
198,0,0.0,0.98,1,0.0,0.07,0.32,0.09,2.33,0.61,0.13,1.77,3.15,1.16,0.0,0.3,0.06,0.0,2.0,0.0,0.12,0.0,1.0,0.0,0.0,1.0,0.0,0.0,1.0,1.0,1.0,0.0,0.0,0.0,0.0,1.0,0.0,0.0,0.0,asmita_clip_028_3.jpg
199,0,0.0,0.98,1,0.0,0.12,0.16,0.2,1.8,0.36,0.13,1.57,2.75,0.61,0.0,0.4,0.15,0.07,1.65,0.0,0.12,0.0,1.0,0.0,0.0,1.0,0.0,0.0,1.0,1.0,1.0,0.0,0.0,0.0,0.0,1.0,0.0,0.0,0.0,asmita_clip_029_1.jpg
200,0,0.0,0.98,1,0.0,0.12,0.0,0.29,1.1,0.0,0.0,1.26,2.31,0.0,0.02,0.45,0.15,0.15,1.63,0.0,0.0,0.0,0.0,0.0,0.0,1.0,0.0,0.0,1.0,1.0,1.0,0.0,0.0,0.0,0.0,1.0,0.0,0.0,0.0,asmita_clip_029_2.jpg
201,0,0.0,0.98,1,0.0,0.04,0.19,0.2,1.29,0.0,0.0,1.6,2.52,0.94,0.06,0.52,0.09,0.15,1.62,0.34,0.68,0.0,0.0,0.0,0.0,1.0,1.0,0.0,1.0,1.0,1.0,0.0,0.0,0.0,0.0,1.0,0.0,0.0,0.0,asmita_clip_029_3.jpg
202,0,0.0,0.93,1,0.0,0.0,0.45,0.09,1.55,0.14,0.0,2.01,2.64,1.83,0.14,0.62,0.01,0.08,1.64,0.68,1.42,0.0,0.0,0.0,0.0,1.0,1.0,0.0,1.0,1.0,1.0,0.0,0.0,0.0,0.0,1.0,0.0,0.0,0.0,asmita_clip_030_1.jpg
203,0,0.0,0.98,1,0.0,0.0,0.68,0.0,1.81,0.3,0.0,2.4,2.78,2.74,0.17,0.66,0.0,0.0,1.67,1.02,2.13,0.0,0.0,0.0,0.0,1.0,1.0,0.0,1.0,1.0,1.0,0.0,0.0,0.0,0.0,1.0,0.0,0.0,0.0,asmita_clip_030_2.jpg
204,0,0.0,0.98,1,0.0,0.0,0.49,0.0,1.55,0.84,0.0,2.07,2.44,1.89,0.21,0.43,0.0,0.0,1.83,0.95,1.67,0.0,0.0,0.0,0.0,1.0,1.0,0.0,1.0,1.0,1.0,0.0,0.0,0.0,0.0,1.0,0.0,0.0,0.0,asmita_clip_030_3.jpg
205,0,0.0,0.98,1,0.0,0.0,0.23,0.0,1.14,1.27,0.0,1.6,2.1,1.07,0.37,0.27,0.0,0.0,1.8,0.77,1.19,0.0,0.0,0.0,0.0,1.0,1.0,0.0,1.0,1.0,1.0,0.0,0.0,0.0,0.0,1.0,1.0,0.0,0.0,sana_clip_001_1.jpg
206,0,0.0,0.98,1,0.0,0.0,0.0,0.0,0.8,1.76,0.0,1.15,1.79,0.25,0.45,0.04,0.0,0.0,1.9,0.79,0.68,0.0,0.0,0.0,0.0,1.0,1.0,0.0,1.0,1.0,1.0,0.0,0.0,0.0,0.0,1.0,1.0,0.0,0.0,sana_clip_001_2.jpg
207,0,0.0,0.98,1,0.0,0.0,0.22,0.0,1.21,1.97,0.0,1.16,1.94,0.77,0.38,0.14,0.18,0.0,1.81,0.95,0.46,0.0,0.0,0.0,0.0,1.0,1.0,0.0,1.0,1.0,1.0,0.0,0.0,0.0,0.0,1.0,1.0,0.0,0.0,sana_clip_001_3.jpg
208,0,0.0,0.98,1,0.0,0.0,0.42,0.0,1.68,2.15,0.0,1.18,2.11,1.42,0.14,0.28,0.36,0.0,1.78,1.24,0.2,0.0,0.0,0.0,0.0,1.0,1.0,0.0,1.0,1.0,1.0,0.0,0.0,0.0,0.0,1.0,0.0,0.0,0.0,sana_clip_002_1.jpg
209,0,0.0,0.98,1,0.0,0.0,0.58,0.0,2.02,2.07,0.0,1.21,2.28,1.84,0.0,0.35,0.52,0.0,1.62,1.27,0.0,0.0,0.0,0.0,0.0,1.0,1.0,0.0,1.0,1.0,1.0,0.0,0.0,0.0,0.0,1.0,0.0,0.0,0.0,sana_clip_002_2.jpg
210,0,0.0,0.98,1,0.0,0.0,0.38,0.0,1.61,1.34,0.0,1.07,2.32,1.6,0.0,0.38,0.34,0.0,1.03,0.87,0.0,0.0,0.0,0.0,0.0,1.0,1.0,0.0,1.0,1.0,1.0,0.0,0.0,0.0,0.0,1.0,0.0,0.0,0.0,sana_clip_002_3.jpg
211,0,0.0,0.98,1,0.0,0.0,0.18,0.0,1.24,0.57,0.0,1.0,2.47,1.33,0.0,0.23,0.16,0.0,0.52,0.44,0.0,1.0,0.0,0.0,0.0,1.0,1.0,0.0,1.0,1.0,1.0,0.0,0.0,0.0,0.0,1.0,0.0,0.0,0.0,sana_clip_003_1.jpg
212,0,0.0,0.98,1,0.0,0.0,0.07,0.0,0.96,0.0,0.0,0.91,2.58,1.32,0.0,0.15,0.0,0.0,0.0,0.05,0.0,1.0,0.0,0.0,0.0,1.0,1.0,0.0,1.0,1.0,1.0,0.0,0.0,0.0,0.0,0.0,0.0,0.0,0.0,sana_clip_003_2.jpg
213,0,0.0,0.98,1,0.96,0.35,0.24,0.0,0.71,0.0,0.0,1.19,2.21,1.03,0.16,0.18,0.0,0.13,0.46,0.02,0.0,1.0,0.0,0.0,0.0,1.0,1.0,0.0,1.0,1.0,1.0,0.0,0.0,0.0,0.0,0.0,0.0,0.0,0.0,sana_clip_003_3.jpg
214,0,0.0,0.88,1,1.76,0.51,0.37,0.0,0.49,0.0,0.0,1.51,1.64,0.7,0.24,0.7,0.0,0.33,0.75,0.71,0.0,1.0,1.0,0.0,0.0,0.0,0.0,0.0,1.0,0.0,0.0,1.0,0.0,0.0,0.0,0.0,0.0,0.0,0.0,sana_clip_004_1.jpg
215,0,0.0,0.93,1,2.5,0.59,0.53,0.0,0.33,0.0,0.0,1.97,1.26,0.56,0.42,1.11,0.0,0.52,1.15,1.24,0.0,1.0,0.0,0.0,0.0,0.0,0.0,0.0,1.0,0.0,0.0,1.0,0.0,0.0,0.0,0.0,0.0,0.0,0.0,sana_clip_004_2.jpg
216,0,0.0,0.93,1,2.26,0.72,0.42,0.12,0.29,0.0,0.15,1.61,0.84,0.47,1.93,2.62,0.0,2.05,1.59,1.24,0.0,1.0,0.0,0.0,0.0,0.0,0.0,0.0,0.0,0.0,0.0,1.0,1.0,0.0,0.0,0.0,0.0,0.0,0.0,sana_clip_004_3.jpg
217,0,0.0,0.57,0,1.46,0.56,0.28,0.12,0.19,0.0,0.15,0.99,0.51,0.35,1.84,2.08,0.0,1.85,1.31,0.54,0.0,1.0,0.0,0.0,0.0,0.0,0.0,0.0,0.0,0.0,0.0,1.0,1.0,0.0,0.0,0.0,0.0,0.0,0.0,sana_clip_005_1.jpg
218,0,0.0,0.03,0,1.24,1.13,0.09,0.52,0.0,0.0,0.15,0.76,0.04,0.0,3.33,3.33,0.0,3.33,0.91,0.49,0.0,1.0,0.0,0.0,0.0,0.0,0.0,0.0,0.0,0.0,0.0,1.0,1.0,0.0,0.0,0.0,0.0,0.0,0.0,sana_clip_005_2.jpg
219,0,0.0,0.57,0,0.51,0.64,0.02,0.4,0.0,0.0,0.0,0.55,0.04,0.0,1.67,1.67,0.0,1.67,0.0,0.49,0.0,0.0,0.0,0.0,0.0,0.0,0.0,0.0,0.0,0.0,0.0,0.0,0.0,0.0,0.0,0.0,0.0,0.0,0.0,sana_clip_005_3.jpg
220,0,0.0,0.03,0,0.51,0.64,0.13,0.4,0.85,0.8,0.21,0.98,0.81,0.4,1.67,1.67,0.0,1.67,0.28,0.72,0.42,0.0,0.0,0.0,0.0,0.0,0.0,0.0,0.0,0.0,0.0,0.0,0.0,0.0,0.0,0.0,0.0,0.0,0.0,sana_clip_006_1.jpg
221,0,0.0,0.98,1,0.0,0.0,0.2,0.0,1.72,1.57,0.47,0.93,1.57,0.91,0.0,0.0,0.0,0.0,0.53,0.48,0.63,0.0,0.0,0.0,0.0,1.0,1.0,0.0,1.0,1.0,1.0,0.0,0.0,0.0,0.0,1.0,0.0,0.0,1.0,sana_clip_006_2.jpg
222,0,0.0,0.98,1,0.0,0.0,0.53,0.0,2.85,2.28,0.48,1.64,2.66,1.38,0.0,0.07,0.02,0.0,1.6,0.85,0.63,0.0,0.0,0.0,0.0,1.0,1.0,0.0,1.0,1.0,1.0,0.0,0.0,0.0,0.0,1.0,0.0,0.0,1.0,sana_clip_006_3.jpg
223,0,0.0,0.98,1,0.0,0.0,0.92,0.0,3.15,2.23,0.36,1.94,3.01,1.55,0.0,0.07,0.02,0.0,2.35,0.83,0.4,0.0,0.0,0.0,0.0,1.0,1.0,0.0,1.0,1.0,1.0,0.0,0.0,0.0,0.0,1.0,0.0,0.0,1.0,sana_clip_007_1.jpg
224,0,0.0,0.98,1,0.0,0.0,1.54,0.0,3.08,1.9,0.1,2.29,3.3,1.53,0.0,0.28,0.02,0.0,3.19,0.9,0.18,0.0,0.0,0.0,0.0,1.0,1.0,0.0,1.0,1.0,1.0,0.0,0.0,0.0,0.0,1.0,0.0,0.0,1.0,sana_clip_007_2.jpg
225,0,0.0,0.98,1,0.0,0.0,1.21,0.0,2.47,1.19,0.09,1.98,3.08,1.45,0.0,0.21,0.06,0.04,2.12,0.53,0.18,0.0,0.0,0.0,0.0,1.0,1.0,0.0,1.0,1.0,1.0,0.0,0.0,0.0,0.0,1.0,0.0,0.0,1.0,sana_clip_007_3.jpg
226,0,0.0,0.98,1,0.0,0.0,0.72,0.0,1.8,0.48,0.0,1.66,2.87,1.3,0.0,0.21,0.22,0.17,1.09,0.32,0.0,0.0,0.0,0.0,0.0,1.0,1.0,0.0,1.0,1.0,1.0,0.0,0.0,0.0,0.0,1.0,1.0,0.0,1.0,sana_clip_008_1.jpg
227,0,0.0,0.98,1,0.0,0.0,0.0,0.0,1.45,0.13,0.0,1.24,2.73,1.27,0.0,0.0,0.43,0.46,0.0,0.0,0.0,0.0,0.0,0.0,0.0,1.0,1.0,0.0,1.0,1.0,1.0,0.0,0.0,0.0,0.0,1.0,1.0,0.0,1.0,sana_clip_008_2.jpg
228,0,0.0,0.98,1,0.0,0.0,0.41,0.0,1.56,1.06,0.18,1.47,2.48,1.77,0.0,0.43,0.37,0.42,0.97,0.99,0.0,0.0,0.0,0.0,0.0,1.0,1.0,1.0,1.0,1.0,1.0,0.0,0.0,0.0,0.0,1.0,0.0,0.0,1.0,sana_clip_008_3.jpg
229,0,0.0,0.98,1,0.0,0.0,0.79,0.0,1.68,2.05,0.28,1.68,2.22,2.28,0.0,0.91,0.21,0.29,1.87,2.04,0.0,0.0,0.0,1.0,0.0,1.0,1.0,1.0,1.0,1.0,1.0,0.0,0.0,0.0,0.0,1.0,0.0,0.0,1.0,sana_clip_009_1.jpg
230,0,0.0,0.98,1,0.0,0.0,1.15,0.0,1.8,2.73,0.4,1.81,1.95,2.73,0.07,1.37,0.0,0.0,2.34,2.43,0.0,0.0,0.0,1.0,0.0,1.0,1.0,0.0,1.0,1.0,1.0,0.0,0.0,0.0,0.0,1.0,0.0,0.0,1.0,sana_clip_009_2.jpg
231,0,0.0,0.98,1,0.02,0.0,0.84,0.0,2.04,2.11,0.22,1.63,2.27,1.98,0.27,0.94,0.0,0.0,2.16,1.45,0.69,0.0,0.0,1.0,0.0,1.0,1.0,0.0,1.0,1.0,1.0,0.0,0.0,0.0,0.0,1.0,0.0,0.0,1.0,sana_clip_009_3.jpg
232,0,0.0,0.98,1,0.04,0.0,0.53,0.0,2.29,1.32,0.12,1.4,2.52,1.19,0.46,0.51,0.0,0.0,2.1,0.39,1.44,0.0,0.0,1.0,0.0,1.0,1.0,0.0,1.0,1.0,1.0,1.0,1.0,0.0,0.0,1.0,0.0,0.0,1.0,sana_clip_010_1.jpg
233,0,0.0,0.98,1,0.13,0.0,0.29,0.0,2.59,0.85,0.0,1.3,2.76,0.44,0.67,0.09,0.0,0.0,2.44,0.0,2.2,0.0,0.0,1.0,0.0,1.0,1.0,0.0,1.0,1.0,1.0,1.0,1.0,0.0,0.0,1.0,0.0,0.0,1.0,sana_clip_010_2.jpg
234,0,0.0,0.98,1,0.12,0.0,0.51,0.0,2.38,1.35,0.0,1.33,2.52,0.77,0.62,0.86,0.0,0.3,1.64,0.14,1.68,0.0,0.0,1.0,0.0,1.0,1.0,0.0,1.0,1.0,1.0,1.0,1.0,0.0,0.0,1.0,0.0,0.0,1.0,sana_clip_010_3.jpg
235,0,0.0,0.98,1,0.09,0.0,0.7,0.0,2.25,1.9,0.0,1.41,2.3,1.07,0.67,1.66,0.0,0.66,0.8,0.29,0.98,0.0,1.0,1.0,0.0,1.0,1.0,0.0,1.0,1.0,1.0,0.0,1.0,0.0,0.0,0.0,0.0,0.0,1.0,sana_clip_011_1.jpg
236,0,0.0,0.98,1,0.0,0.0,0.86,0.0,2.14,2.51,0.0,1.43,2.11,1.45,0.55,2.49,0.0,0.99,0.0,0.46,0.35,0.0,1.0,1.0,0.0,1.0,1.0,0.0,1.0,1.0,1.0,0.0,1.0,0.0,0.0,0.0,0.0,0.0,0.0,sana_clip_011_2.jpg
237,0,0.0,0.98,1,0.43,0.0,0.54,0.0,1.75,2.22,0.0,1.43,2.12,1.42,0.43,2.02,0.0,0.69,0.38,0.43,0.18,0.0,1.0,1.0,0.0,1.0,1.0,0.0,1.0,1.0,1.0,0.0,1.0,0.0,0.0,0.0,0.0,0.0,0.0,sana_clip_011_3.jpg
238,0,0.0,0.98,1,0.92,0.0,0.28,0.0,1.29,2.35,0.0,1.42,2.09,1.41,0.34,1.53,0.0,0.33,0.78,0.47,0.13,0.0,0.0,0.0,0.0,1.0,1.0,0.0,1.0,1.0,1.0,1.0,1.0,0.0,0.0,0.0,0.0,0.0,0.0,sana_clip_012_1.jpg
239,0,0.0,0.98,1,1.48,0.1,0.0,0.0,0.86,2.19,0.0,1.48,2.13,1.54,0.3,0.94,0.0,0.0,1.17,0.51,0.0,0.0,0.0,0.0,0.0,1.0,1.0,0.0,1.0,1.0,1.0,1.0,1.0,0.0,0.0,0.0,0.0,0.0,0.0,sana_clip_012_2.jpg
240,0,0.0,0.98,1,1.04,0.1,0.0,0.0,1.53,2.25,0.58,2.1,2.36,1.69,0.27,0.66,0.0,0.0,1.09,0.4,0.33,0.0,1.0,0.0,0.0,1.0,1.0,0.0,1.0,1.0,1.0,1.0,1.0,0.0,0.0,0.0,0.0,0.0,1.0,sana_clip_012_3.jpg
241,0,0.0,0.98,1,0.56,0.1,0.0,0.0,2.25,2.14,1.28,2.73,2.57,1.88,0.14,0.31,0.0,0.0,0.97,0.21,0.73,0.0,1.0,0.0,0.0,1.0,1.0,0.0,1.0,1.0,1.0,1.0,1.0,0.0,0.0,0.0,0.0,0.0,0.0,sana_clip_013_1.jpg
242,0,0.0,0.98,1,0.0,0.0,0.01,0.0,2.92,1.52,1.85,3.19,2.84,1.72,0.14,0.27,0.0,0.0,0.99,0.0,1.12,0.0,1.0,0.0,0.0,1.0,1.0,0.0,1.0,1.0,1.0,1.0,1.0,0.0,0.0,0.0,0.0,0.0,0.0,sana_clip_013_2.jpg
243,0,0.0,0.98,1,0.0,0.0,0.01,0.0,2.04,0.93,1.4,2.25,2.13,1.46,0.31,0.59,0.14,0.0,0.69,0.0,1.0,0.0,1.0,0.0,0.0,1.0,1.0,0.0,1.0,1.0,1.0,1.0,1.0,0.0,0.0,0.0,0.0,0.0,0.0,sana_clip_013_3.jpg
244,0,0.0,0.98,1,0.0,0.0,0.01,0.08,1.19,0.11,0.71,1.43,1.74,0.98,0.29,0.96,0.14,0.0,0.41,0.0,0.67,0.0,0.0,0.0,0.0,1.0,1.0,0.0,1.0,1.0,1.0,1.0,1.0,0.0,0.0,0.0,0.0,0.0,0.0,sana_clip_014_1.jpg
245,0,0.0,0.98,1,0.0,0.0,0.0,0.08,0.2,0.0,0.13,0.69,0.9,0.66,0.17,0.89,0.14,0.0,0.0,0.35,0.28,0.0,0.0,0.0,0.0,1.0,0.0,0.0,1.0,1.0,1.0,1.0,1.0,0.0,0.0,0.0,0.0,0.0,0.0,sana_clip_014_2.jpg
246,0,0.0,0.98,1,0.0,0.0,0.0,0.21,0.76,0.34,0.0,1.07,1.33,0.84,0.0,0.54,0.09,0.0,0.63,1.1,0.07,0.0,0.0,0.0,0.0,1.0,0.0,0.0,1.0,1.0,1.0,1.0,1.0,0.0,0.0,0.0,0.0,0.0,0.0,sana_clip_014_3.jpg
247,0,0.0,0.98,1,0.0,0.0,0.0,0.4,1.07,0.49,0.0,1.52,1.51,1.28,0.0,0.88,0.29,0.11,0.65,1.3,0.0,0.0,0.0,0.0,0.0,1.0,0.0,0.0,1.0,1.0,1.0,0.0,1.0,0.0,0.0,0.0,1.0,0.0,0.0,sana_clip_015_1.jpg
248,0,0.0,0.88,1,0.0,0.0,0.0,0.4,1.68,1.03,0.0,1.78,2.0,1.63,0.0,0.71,0.33,0.11,1.36,1.56,0.0,1.0,0.0,0.0,1.0,1.0,1.0,0.0,1.0,1.0,1.0,0.0,0.0,0.0,0.0,1.0,1.0,0.0,0.0,sana_clip_015_2.jpg
249,0,0.0,0.98,1,0.0,0.0,0.02,0.3,1.83,1.29,0.0,1.84,2.12,1.82,0.0,0.79,0.3,0.11,1.41,1.47,0.03,1.0,0.0,0.0,1.0,1.0,1.0,0.0,1.0,1.0,1.0,0.0,0.0,0.0,0.0,1.0,1.0,0.0,0.0,sana_clip_015_3.jpg
250,0,0.0,0.98,1,0.09,0.02,0.02,0.47,1.95,1.29,0.0,1.68,2.03,1.85,0.0,0.08,0.19,0.0,2.23,2.16,0.03,1.0,0.0,0.0,1.0,1.0,1.0,0.0,1.0,1.0,1.0,0.0,0.0,0.0,0.0,1.0,1.0,0.0,0.0,sana_clip_016_1.jpg
251,0,0.0,0.93,1,0.11,0.02,0.07,0.47,2.09,1.52,0.0,1.75,2.18,1.97,0.05,0.08,0.15,0.0,2.08,2.17,0.27,1.0,1.0,0.0,1.0,1.0,1.0,0.0,1.0,1.0,1.0,0.0,0.0,0.0,0.0,1.0,1.0,0.0,0.0,sana_clip_016_2.jpg
252,0,0.0,0.93,1,0.11,0.02,0.05,0.51,1.87,1.31,0.0,1.36,2.21,1.27,0.34,0.65,0.09,0.0,2.09,2.35,0.24,1.0,1.0,0.0,1.0,1.0,1.0,0.0,1.0,1.0,1.0,0.0,0.0,0.0,0.0,1.0,1.0,0.0,0.0,sana_clip_016_3.jpg
253,0,0.0,0.98,1,0.02,0.11,0.05,0.16,1.89,1.76,0.04,1.16,2.39,1.02,0.45,0.65,0.0,0.0,1.59,2.13,0.24,1.0,1.0,0.0,1.0,1.0,1.0,0.0,1.0,1.0,1.0,0.0,0.0,0.0,0.0,1.0,1.0,0.0,0.0,sana_clip_017_1.jpg
254,0,0.0,0.98,1,0.12,0.34,0.0,0.27,1.69,1.55,0.08,0.95,2.2,0.5,0.4,0.65,0.0,0.0,1.6,2.17,0.0,1.0,1.0,0.0,1.0,1.0,1.0,0.0,1.0,1.0,1.0,0.0,0.0,0.0,0.0,1.0,1.0,0.0,0.0,sana_clip_017_2.jpg
255,0,0.0,0.98,1,0.11,0.34,0.0,0.28,1.46,1.72,0.08,0.74,1.79,0.74,0.11,0.04,0.0,0.0,1.26,2.1,0.13,1.0,1.0,0.0,1.0,1.0,1.0,0.0,1.0,1.0,1.0,1.0,0.0,0.0,0.0,1.0,1.0,0.0,0.0,sana_clip_017_3.jpg
256,0,0.0,0.98,1,0.11,0.23,0.0,0.18,1.19,1.57,0.04,0.39,1.57,0.53,0.09,0.04,0.06,0.0,1.31,2.05,0.14,1.0,1.0,0.0,1.0,1.0,1.0,0.0,1.0,1.0,1.0,1.0,0.0,0.0,0.0,1.0,1.0,0.0,0.0,sana_clip_018_1.jpg
257,0,0.0,0.98,1,0.0,0.0,0.0,0.1,0.87,1.65,0.0,0.02,1.32,0.59,0.09,0.04,0.06,0.0,1.01,2.31,0.43,1.0,1.0,0.0,1.0,1.0,1.0,0.0,1.0,1.0,1.0,1.0,0.0,0.0,0.0,1.0,1.0,0.0,0.0,sana_clip_018_2.jpg
258,0,0.0,0.98,1,0.0,0.0,0.05,0.32,1.0,1.08,0.05,0.55,1.62,0.42,0.08,0.63,0.05,0.0,0.78,1.55,0.3,1.0,1.0,0.0,1.0,1.0,1.0,0.0,1.0,1.0,1.0,1.0,0.0,0.0,0.0,1.0,1.0,0.0,0.0,sana_clip_018_3.jpg
259,0,0.0,0.98,1,0.0,0.0,0.15,0.54,1.17,0.64,0.11,1.09,1.79,0.31,0.0,1.27,0.0,0.0,0.45,0.92,0.29,1.0,1.0,0.0,1.0,1.0,1.0,0.0,1.0,1.0,1.0,1.0,0.0,0.0,0.0,0.0,0.0,0.0,0.0,sana_clip_019_1.jpg
260,0,0.0,0.98,1,0.0,0.0,0.26,0.7,1.49,0.1,0.15,1.55,2.24,0.26,0.0,1.62,0.0,0.0,0.32,0.0,0.0,0.0,1.0,0.0,1.0,1.0,1.0,0.0,1.0,1.0,1.0,1.0,1.0,0.0,0.0,0.0,0.0,0.0,0.0,sana_clip_019_2.jpg
261,0,0.0,0.93,1,0.0,0.0,0.22,0.41,1.63,0.47,0.36,1.47,2.29,0.53,0.0,1.19,0.0,0.0,0.5,0.0,0.0,0.0,1.0,0.0,1.0,1.0,1.0,0.0,1.0,1.0,1.0,1.0,1.0,0.0,0.0,0.0,0.0,0.0,0.0,sana_clip_019_3.jpg
262,0,0.0,0.98,1,0.0,0.0,0.11,0.19,1.75,0.83,0.59,1.33,2.35,0.82,0.0,0.77,0.0,0.0,0.68,0.0,0.0,0.0,1.0,0.0,1.0,1.0,1.0,0.0,1.0,1.0,1.0,0.0,1.0,0.0,0.0,0.0,0.0,0.0,0.0,sana_clip_020_1.jpg
263,0,0.0,0.98,1,0.0,0.0,0.0,0.0,1.83,1.11,0.8,1.34,2.29,1.06,0.0,0.64,0.0,0.0,0.79,0.0,0.0,0.0,1.0,0.0,1.0,1.0,1.0,0.0,1.0,1.0,1.0,0.0,1.0,0.0,0.0,0.0,0.0,0.0,0.0,sana_clip_020_2.jpg
264,0,0.0,0.98,1,0.23,0.4,0.0,0.11,1.6,1.05,0.58,1.39,2.16,0.9,0.0,0.61,0.0,0.0,0.81,0.0,0.0,0.0,0.0,0.0,1.0,1.0,1.0,0.0,1.0,1.0,1.0,0.0,0.0,0.0,0.0,0.0,0.0,0.0,0.0,sana_clip_020_3.jpg
265,0,0.0,0.93,1,0.53,0.68,0.0,0.22,1.36,1.03,0.31,1.47,2.05,0.69,0.0,0.55,0.0,0.0,0.96,0.0,0.0,0.0,0.0,0.0,1.0,1.0,1.0,0.0,1.0,1.0,1.0,0.0,0.0,0.0,0.0,0.0,0.0,0.0,0.0,sana_clip_021_1.jpg
266,0,0.0,0.93,1,0.53,0.68,0.07,0.22,1.13,1.29,0.23,1.47,1.73,0.31,0.0,0.33,0.0,0.0,1.23,0.19,0.0,0.0,0.0,0.0,1.0,1.0,1.0,0.0,1.0,1.0,1.0,0.0,0.0,0.0,0.0,1.0,0.0,0.0,0.0,sana_clip_021_2.jpg
267,0,0.0,0.93,1,0.31,0.28,0.07,0.11,1.31,1.37,0.19,1.22,1.95,0.45,0.0,0.43,0.0,0.03,0.93,0.61,0.0,0.0,0.0,0.0,1.0,1.0,1.0,0.0,1.0,1.0,1.0,0.0,0.0,0.0,0.0,1.0,0.0,0.0,0.0,sana_clip_021_3.jpg
268,0,0.0,0.93,1,0.0,0.0,0.07,0.0,1.4,1.2,0.17,0.9,2.12,0.67,0.0,0.55,0.0,0.03,0.54,1.04,0.0,0.0,0.0,0.0,1.0,1.0,1.0,0.0,1.0,1.0,1.0,0.0,0.0,0.0,0.0,1.0,0.0,0.0,0.0,sana_clip_022_1.jpg
269,0,0.0,0.93,1,0.0,0.0,0.01,0.0,1.47,0.74,0.0,0.69,2.48,0.98,0.0,0.8,0.0,0.06,0.0,1.25,0.0,0.0,0.0,0.0,1.0,1.0,1.0,0.0,1.0,1.0,0.0,0.0,0.0,0.0,0.0,1.0,0.0,0.0,0.0,sana_clip_022_2.jpg
270,0,0.0,0.93,1,0.0,0.0,0.0,0.24,1.52,0.36,0.0,0.53,1.99,0.65,0.31,1.07,0.61,0.7,0.0,1.38,0.0,0.0,0.0,0.0,1.0,1.0,1.0,0.0,1.0,1.0,1.0,0.0,0.0,0.0,0.0,1.0,0.0,0.0,0.0,sana_clip_022_3.jpg
271,0,0.0,0.98,1,0.02,0.0,0.0,0.7,1.58,0.19,0.0,0.37,1.49,0.3,0.76,1.39,1.27,1.41,0.0,1.64,0.0,0.0,0.0,0.0,1.0,1.0,1.0,0.0,1.0,1.0,1.0,1.0,0.0,1.0,0.0,0.0,0.0,0.0,0.0,sana_clip_023_1.jpg
272,0,0.0,0.98,1,0.56,0.4,0.08,0.7,1.1,0.0,0.0,0.11,0.69,0.48,0.76,1.94,1.27,1.56,0.0,1.59,0.0,0.0,0.0,0.0,1.0,1.0,1.0,0.0,1.0,1.0,1.0,1.0,0.0,1.0,0.0,0.0,0.0,0.0,0.0,sana_clip_023_2.jpg
273,0,0.0,0.88,1,0.56,0.4,0.08,0.46,0.8,0.0,0.0,0.37,0.71,0.74,0.57,1.71,0.98,0.89,0.0,1.04,0.0,0.0,0.0,0.0,0.0,1.0,1.0,0.0,1.0,1.0,1.0,1.0,1.0,1.0,0.0,0.0,0.0,0.0,0.0,sana_clip_023_3.jpg
274,0,0.0,0.98,1,0.54,0.4,0.08,0.0,0.72,0.03,0.0,0.65,0.91,1.03,0.18,1.55,0.49,0.18,0.0,0.36,0.0,0.0,0.0,0.0,0.0,1.0,1.0,0.0,0.0,0.0,1.0,1.0,1.0,1.0,0.0,0.0,0.0,0.0,0.0,sana_clip_024_1.jpg
275,0,0.0,0.98,1,0.0,0.0,0.0,0.0,1.12,0.03,0.0,1.07,1.5,1.01,0.33,1.1,0.61,0.0,0.0,0.0,0.0,0.0,0.0,0.0,1.0,1.0,1.0,0.0,0.0,0.0,1.0,1.0,1.0,1.0,0.0,0.0,0.0,0.0,0.0,sana_clip_024_2.jpg
276,0,0.0,0.98,1,0.52,0.22,0.0,0.25,0.85,0.35,0.0,0.72,1.13,0.76,0.21,1.18,0.37,0.0,0.03,0.75,0.11,0.0,0.0,0.0,1.0,0.0,0.0,0.0,0.0,0.0,1.0,1.0,1.0,0.0,0.0,0.0,0.0,0.0,0.0,sana_clip_024_3.jpg
277,0,0.0,0.98,1,0.92,0.48,0.0,0.34,0.41,0.62,0.0,0.43,0.58,0.47,0.15,1.12,0.21,0.0,0.03,1.41,0.11,0.0,0.0,0.0,1.0,0.0,1.0,0.0,1.0,1.0,1.0,1.0,1.0,0.0,0.0,0.0,0.0,0.0,0.0,sana_clip_025_1.jpg
278,0,0.0,0.98,1,1.12,0.65,0.0,0.59,0.0,0.89,0.0,0.0,0.0,0.0,0.0,1.15,0.09,0.17,0.03,2.07,0.17,0.0,0.0,0.0,0.0,0.0,1.0,0.0,1.0,1.0,1.0,1.0,1.0,0.0,0.0,0.0,0.0,0.0,0.0,sana_clip_025_2.jpg
279,0,0.0,0.98,1,0.9,0.43,0.64,0.34,0.0,0.57,0.0,0.68,0.34,0.81,0.52,1.73,0.0,0.74,0.0,1.69,0.05,0.0,0.0,0.0,0.0,0.0,1.0,0.0,1.0,0.0,1.0,1.0,1.0,0.0,0.0,0.0,0.0,0.0,0.0,sana_clip_025_3.jpg
280,0,0.0,0.98,1,0.89,0.17,1.28,0.25,0.0,0.27,0.0,1.38,0.7,1.54,1.13,2.47,0.0,1.41,0.0,1.41,0.05,0.0,0.0,1.0,1.0,0.0,0.0,0.0,1.0,0.0,1.0,1.0,1.0,0.0,0.0,0.0,0.0,0.0,0.0,sana_clip_026_1.jpg
281,0,0.0,0.98,1,0.96,0.0,1.77,0.0,0.0,0.0,0.0,2.04,1.06,2.21,1.63,3.11,0.0,1.74,0.0,0.99,0.0,0.0,0.0,1.0,1.0,0.0,1.0,0.0,1.0,1.0,1.0,1.0,1.0,0.0,0.0,0.0,0.0,0.0,0.0,sana_clip_026_2.jpg
282,0,0.0,0.98,1,1.79,0.48,1.13,0.47,0.0,0.1,0.0,1.66,1.14,1.4,1.11,2.38,0.0,1.16,0.76,1.38,0.0,0.0,1.0,1.0,1.0,0.0,1.0,0.0,1.0,1.0,1.0,1.0,1.0,0.0,0.0,0.0,0.0,0.0,0.0,sana_clip_026_3.jpg
283,0,0.0,0.98,1,2.38,0.76,0.49,0.79,0.02,0.27,0.0,1.3,1.23,0.9,0.5,1.41,0.0,0.5,1.2,1.14,0.0,0.0,1.0,1.0,0.0,0.0,1.0,0.0,1.0,1.0,1.0,1.0,1.0,0.0,0.0,0.0,0.0,0.0,0.0,sana_clip_027_1.jpg
284,0,0.0,0.98,1,3.2,1.23,0.0,1.3,0.02,0.61,0.0,0.93,1.32,0.29,0.0,0.59,0.06,0.0,1.81,1.59,0.0,0.0,1.0,1.0,0.0,0.0,1.0,0.0,1.0,1.0,1.0,1.0,1.0,0.0,0.0,0.0,0.0,0.0,0.0,sana_clip_027_2.jpg
285,0,0.0,0.98,1,2.41,0.76,0.09,0.83,0.02,0.52,0.0,0.64,1.0,0.29,0.49,1.07,0.06,0.0,1.06,0.83,0.3,0.0,1.0,1.0,0.0,0.0,0.0,0.0,1.0,0.0,1.0,1.0,1.0,0.0,0.0,0.0,0.0,0.0,0.0,sana_clip_027_3.jpg
286,0,0.0,0.93,1,1.79,0.47,0.18,0.51,0.01,0.36,0.0,0.29,0.66,0.05,0.8,1.42,0.06,0.0,0.61,0.7,0.53,1.0,1.0,0.0,1.0,0.0,0.0,0.0,1.0,1.0,1.0,1.0,0.0,0.0,0.0,0.0,0.0,0.0,0.0,sana_clip_028_1.jpg
287,0,0.0,0.98,1,1.15,0.0,0.27,0.0,0.0,0.01,0.0,0.0,0.35,0.0,1.2,1.76,0.0,0.0,0.0,0.0,0.89,1.0,1.0,0.0,1.0,1.0,1.0,0.0,1.0,1.0,1.0,1.0,0.0,0.0,0.0,0.0,0.0,0.0,0.0,sana_clip_028_2.jpg
288,0,0.0,0.98,1,1.13,0.17,0.18,0.0,0.39,0.2,0.0,0.56,1.23,0.59,0.71,1.12,0.0,0.0,0.63,0.26,0.59,1.0,1.0,0.0,1.0,1.0,1.0,0.0,1.0,1.0,1.0,1.0,0.0,0.0,0.0,1.0,1.0,0.0,0.0,sana_clip_028_3.jpg
289,0,0.0,0.98,1,1.07,0.42,0.09,0.0,0.72,0.39,0.0,1.03,2.03,1.12,0.4,0.76,0.0,0.0,1.3,0.61,0.36,0.0,1.0,0.0,1.0,1.0,1.0,0.0,1.0,1.0,1.0,0.0,0.0,0.0,0.0,1.0,0.0,0.0,0.0,sana_clip_029_1.jpg
290,0,0.0,0.98,1,0.93,0.65,0.0,0.0,1.05,0.56,0.0,1.47,2.78,1.71,0.0,0.28,0.0,0.0,2.06,0.96,0.0,0.0,1.0,0.0,1.0,1.0,1.0,0.0,1.0,1.0,1.0,0.0,0.0,0.0,0.0,1.0,0.0,0.0,0.0,sana_clip_029_2.jpg
291,0,0.0,0.98,1,0.62,0.48,0.0,0.0,1.23,1.07,0.0,1.05,2.57,1.32,0.0,0.22,0.0,0.0,1.93,0.9,0.0,0.0,1.0,0.0,1.0,1.0,1.0,0.0,1.0,1.0,1.0,0.0,0.0,0.0,0.0,1.0,0.0,0.0,0.0,sana_clip_029_3.jpg
292,0,0.0,0.98,1,0.32,0.23,0.0,0.0,1.39,1.69,0.0,0.59,2.35,0.85,0.0,0.11,0.0,0.0,1.93,0.83,0.03,1.0,1.0,0.0,1.0,1.0,1.0,0.0,1.0,1.0,1.0,0.0,0.0,0.0,0.0,1.0,1.0,0.0,0.0,sana_clip_030_1.jpg
293,0,0.0,0.93,1,0.0,0.0,0.0,0.0,1.65,2.4,0.0,0.16,2.23,0.39,0.0,0.06,0.0,0.0,1.73,0.65,0.03,1.0,1.0,0.0,1.0,1.0,1.0,0.0,1.0,1.0,1.0,0.0,0.0,0.0,0.0,1.0,1.0,0.0,0.0,sana_clip_030_2.jpg
294,0,0.0,0.98,1,0.13,0.0,0.28,0.0,1.68,2.36,0.0,0.45,2.12,0.86,0.0,0.51,0.08,0.0,1.74,1.6,0.03,1.0,1.0,0.0,1.0,1.0,1.0,0.0,1.0,1.0,1.0,0.0,0.0,0.0,0.0,1.0,1.0,0.0,0.0,sana_clip_030_3.jpg
295,0,0.0,0.98,1,0.32,0.0,0.52,0.0,1.81,2.16,0.0,0.88,2.15,1.4,0.06,0.86,0.26,0.0,1.61,2.32,0.0,1.0,1.0,0.0,1.0,1.0,1.0,0.0,1.0,1.0,1.0,1.0,0.0,0.0,0.0,1.0,1.0,0.0,0.0,sana_clip_031_1.jpg
296,0,0.0,0.98,1,0.48,0.0,0.75,0.0,1.89,1.91,0.0,1.34,2.08,2.02,0.06,1.33,0.48,0.0,1.55,3.13,0.0,1.0,1.0,0.0,1.0,1.0,1.0,0.0,1.0,1.0,1.0,1.0,0.0,0.0,0.0,1.0,1.0,0.0,0.0,sana_clip_031_2.jpg
297,0,0.0,0.98,1,1.31,0.85,0.83,0.0,1.65,1.61,0.0,1.27,2.05,1.53,0.25,1.11,0.59,0.0,1.37,2.35,0.0,1.0,1.0,0.0,1.0,1.0,1.0,0.0,1.0,1.0,1.0,1.0,0.0,0.0,0.0,1.0,1.0,0.0,0.0,sana_clip_031_3.jpg
298,0,0.0,0.93,1,1.17,0.85,0.91,0.0,1.57,1.28,0.0,1.37,2.21,1.56,0.43,1.35,0.81,0.0,1.01,1.78,0.0,1.0,1.0,0.0,0.0,1.0,1.0,0.0,1.0,1.0,1.0,1.0,0.0,0.0,0.0,1.0,1.0,0.0,0.0,sana_clip_033_1.jpg
299,0,0.0,0.98,1,1.1,0.94,0.94,0.0,1.37,1.02,0.0,1.39,2.43,1.36,0.68,1.41,1.03,0.0,0.62,1.11,0.0,1.0,1.0,0.0,0.0,1.0,1.0,0.0,1.0,1.0,1.0,1.0,0.0,0.0,0.0,1.0,1.0,0.0,0.0,sana_clip_033_2.jpg
300,0,0.0,0.98,1,0.25,0.08,0.79,0.0,1.42,1.18,0.0,1.38,2.38,1.38,0.55,1.43,0.84,0.0,0.9,1.71,0.16,1.0,1.0,0.0,0.0,1.0,1.0,0.0,1.0,1.0,1.0,1.0,0.0,0.0,0.0,1.0,1.0,0.0,0.0,sana_clip_033_3.jpg
301,0,0.0,0.98,1,0.3,0.08,0.7,0.0,1.35,1.4,0.0,1.35,2.12,1.09,0.44,1.12,0.45,0.0,1.31,2.06,0.28,1.0,0.0,0.0,1.0,1.0,1.0,0.0,1.0,1.0,1.0,1.0,0.0,0.0,0.0,0.0,1.0,0.0,0.0,sana_clip_034_1.jpg
302,0,0.0,0.98,1,0.3,0.0,0.75,0.0,1.25,1.26,0.0,1.3,1.83,0.76,0.2,0.73,0.0,0.0,1.53,2.18,0.42,1.0,0.0,0.0,0.0,1.0,1.0,0.0,1.0,1.0,1.0,1.0,1.0,0.0,0.0,0.0,1.0,0.0,1.0,sana_clip_034_2.jpg
303,0,0.0,0.98,1,0.92,0.17,0.65,0.27,0.84,0.73,0.0,1.52,1.78,1.19,0.73,1.18,0.01,0.3,1.14,1.96,0.55,1.0,0.0,0.0,0.0,1.0,1.0,0.0,1.0,1.0,1.0,1.0,0.0,0.0,0.0,0.0,1.0,0.0,1.0,sana_clip_034_3.jpg
304,0,0.0,0.93,1,1.07,0.26,0.93,0.31,0.9,0.83,0.0,1.19,1.25,1.15,0.6,1.48,0.41,0.34,0.87,2.45,0.43,1.0,0.0,0.0,0.0,1.0,1.0,0.0,1.0,1.0,1.0,1.0,1.0,0.0,0.0,0.0,1.0,0.0,1.0,sana_clip_035_1.jpg
305,0,0.0,0.98,1,1.34,0.42,1.09,0.31,1.03,1.14,0.0,0.85,0.8,1.33,0.6,1.75,0.86,0.42,1.0,3.33,0.29,1.0,1.0,0.0,0.0,1.0,1.0,0.0,1.0,0.0,1.0,1.0,1.0,0.0,0.0,0.0,1.0,1.0,0.0,sana_clip_036_1.jpg
306,0,0.0,0.98,1,1.1,0.61,1.35,0.14,1.44,1.49,0.0,0.34,0.4,1.02,0.0,1.64,1.15,0.24,1.15,3.97,0.0,1.0,1.0,0.0,1.0,0.0,0.0,0.0,1.0,0.0,1.0,1.0,1.0,0.0,0.0,0.0,1.0,1.0,0.0,sana_clip_036_2.jpg
307,0,0.0,0.98,1,1.97,1.66,0.82,0.48,1.04,1.41,0.0,0.38,0.54,0.82,0.0,1.4,1.07,0.2,0.83,2.81,0.0,1.0,1.0,0.0,1.0,0.0,0.0,0.0,1.0,0.0,1.0,1.0,1.0,0.0,0.0,0.0,1.0,1.0,0.0,sana_clip_036_3.jpg
308,0,0.0,0.93,1,2.62,2.85,0.36,0.98,0.76,1.05,0.0,0.41,0.78,1.05,0.0,1.35,0.72,0.26,0.45,2.47,0.0,1.0,1.0,0.0,1.0,0.0,0.0,0.0,0.0,0.0,1.0,1.0,1.0,1.0,1.0,0.0,1.0,1.0,0.0,sana_clip_037_1.jpg
309,0,0.0,0.98,1,3.18,4.01,0.0,1.57,0.56,0.87,0.0,0.34,1.02,1.19,0.0,1.33,0.63,0.36,0.09,2.2,0.0,1.0,1.0,0.0,1.0,0.0,0.0,0.0,0.0,0.0,1.0,1.0,0.0,1.0,1.0,0.0,1.0,1.0,0.0,sana_clip_037_2.jpg
310,0,0.0,0.98,1,3.11,3.65,0.0,1.38,0.77,0.52,0.0,0.13,1.02,2.16,0.0,1.22,0.55,0.6,0.69,2.87,0.0,1.0,1.0,0.0,1.0,0.0,0.0,0.0,0.0,0.0,1.0,1.0,0.0,1.0,1.0,0.0,1.0,1.0,0.0,sana_clip_037_3.jpg
311,0,0.0,0.98,1,3.12,2.95,0.01,0.95,0.9,0.7,0.0,0.05,0.91,2.64,0.0,1.28,0.93,0.47,0.97,2.61,0.0,1.0,1.0,0.0,1.0,0.0,0.0,0.0,0.0,0.0,1.0,1.0,0.0,0.0,0.0,0.0,1.0,1.0,0.0,sana_clip_038_1.jpg
312,0,0.0,0.98,1,3.12,2.11,0.07,0.26,0.99,0.75,0.0,0.05,0.74,3.26,0.0,1.0,1.07,0.26,0.99,2.31,0.0,1.0,1.0,0.0,1.0,0.0,0.0,0.0,0.0,0.0,1.0,1.0,0.0,0.0,0.0,0.0,1.0,1.0,0.0,sana_clip_038_2.jpg
313,0,0.0,0.88,1,2.98,2.0,0.07,0.07,1.03,0.64,0.0,0.05,1.04,2.2,0.0,0.75,1.0,0.04,0.96,2.18,0.19,1.0,1.0,0.0,1.0,0.0,0.0,0.0,0.0,0.0,1.0,1.0,0.0,0.0,0.0,0.0,1.0,1.0,0.0,sana_clip_038_3.jpg
314,0,0.0,0.88,1,3.04,2.04,0.06,0.0,1.14,0.51,0.0,0.0,1.26,1.25,0.2,0.33,0.75,0.02,1.05,2.02,0.23,1.0,1.0,0.0,0.0,0.0,0.0,0.0,0.0,0.0,1.0,0.0,0.0,0.0,0.0,0.0,1.0,0.0,0.0,sana_clip_039_1.jpg
315,0,0.0,0.88,1,3.13,2.08,0.0,0.0,1.34,0.38,0.0,0.0,1.61,0.26,0.2,0.1,0.76,0.02,1.45,1.79,0.23,1.0,1.0,0.0,0.0,0.0,0.0,0.0,0.0,0.0,1.0,0.0,0.0,0.0,0.0,0.0,1.0,0.0,0.0,sana_clip_039_2.jpg
316,0,0.0,0.88,1,2.24,1.43,0.0,0.0,0.98,0.33,0.0,0.0,1.07,0.26,0.2,0.1,0.6,0.0,0.89,1.15,0.03,1.0,1.0,0.0,0.0,0.0,0.0,0.0,0.0,0.0,1.0,0.0,0.0,0.0,0.0,0.0,1.0,0.0,0.0,sana_clip_039_3.jpg
317,0,0.0,0.03,0,1.13,0.72,0.0,0.0,0.51,0.09,0.0,0.0,0.54,0.08,0.0,0.07,0.37,0.0,0.43,0.58,0.0,0.0,0.0,0.0,0.0,0.0,0.0,0.0,0.0,0.0,0.0,0.0,0.0,0.0,0.0,0.0,0.0,0.0,0.0,sana_clip_040_1.jpg
318,0,0.0,0.03,0,0.0,0.0,0.0,0.0,0.0,0.0,0.0,0.0,0.0,0.0,0.0,0.0,0.0,0.0,0.0,0.0,0.0,0.0,0.0,0.0,0.0,0.0,0.0,0.0,0.0,0.0,0.0,0.0,0.0,0.0,0.0,0.0,0.0,0.0,0.0,sana_clip_040_2.jpg
319,0,0.0,0.03,0,0.0,0.0,0.0,0.0,0.0,0.0,0.0,0.0,0.0,0.0,0.0,0.0,0.0,0.0,0.0,0.0,0.0,0.0,0.0,0.0,0.0,0.0,0.0,0.0,0.0,0.0,0.0,0.0,0.0,0.0,0.0,0.0,0.0,0.0,0.0,sana_clip_040_3.jpg
320,0,0.0,0.03,0,0.0,0.0,0.47,0.32,0.57,0.35,0.0,0.56,0.75,0.48,0.09,1.13,0.0,0.95,0.0,0.14,0.0,0.0,0.0,0.0,0.0,0.0,0.0,0.0,0.0,0.0,0.0,0.0,0.0,0.0,0.0,0.0,0.0,0.0,0.0,sana_clip_041_1.jpg
321,0,0.0,0.93,1,0.0,0.0,0.95,0.61,1.16,0.68,0.0,1.03,1.48,0.96,0.24,2.31,0.04,1.9,0.0,0.18,0.0,0.0,0.0,0.0,0.0,0.0,0.0,0.0,0.0,0.0,0.0,1.0,1.0,0.0,0.0,0.0,0.0,0.0,0.0,sana_clip_041_2.jpg
322,0,0.0,0.88,1,0.23,0.23,1.01,0.7,1.16,0.89,0.0,1.19,1.54,0.96,0.24,2.31,0.05,1.9,0.24,1.15,0.05,0.0,0.0,0.0,0.0,0.0,0.0,0.0,0.0,0.0,0.0,1.0,1.0,0.0,0.0,0.0,0.0,0.0,0.0,sana_clip_041_3.jpg
323,0,0.0,0.98,1,0.43,0.45,0.66,0.45,0.59,0.85,0.0,0.92,0.84,0.49,0.15,1.21,0.11,0.95,0.67,2.23,0.05,0.0,0.0,0.0,0.0,0.0,0.0,0.0,0.0,0.0,0.0,1.0,1.0,0.0,0.0,0.0,0.0,0.0,0.0,sana_clip_042_1.jpg
324,0,0.0,0.93,1,0.71,0.73,0.24,0.29,0.0,0.78,0.0,0.86,0.2,0.0,0.0,0.08,0.1,0.03,1.04,3.55,0.05,0.0,0.0,0.0,0.0,1.0,0.0,0.0,1.0,1.0,0.0,1.0,1.0,0.0,0.0,0.0,0.0,0.0,0.0,sana_clip_042_2.jpg
325,0,0.0,0.98,1,0.48,0.5,0.17,0.19,0.62,0.59,0.32,1.28,1.11,0.68,0.0,0.74,0.1,0.51,0.85,2.7,0.0,0.0,0.0,0.0,0.0,1.0,0.0,0.0,1.0,1.0,0.0,1.0,1.0,0.0,0.0,1.0,0.0,0.0,0.0,sana_clip_042_3.jpg
326,0,0.0,0.98,1,0.27,0.34,0.06,0.13,1.23,0.29,0.6,1.59,2.04,1.46,0.0,1.34,0.04,1.04,0.51,1.59,0.0,0.0,1.0,0.0,0.0,1.0,0.0,0.0,1.0,1.0,1.0,0.0,1.0,0.0,0.0,1.0,0.0,0.0,0.0,sana_clip_043_1.jpg
327,0,0.0,0.98,1,0.0,0.05,0.01,0.0,1.9,0.34,0.84,1.67,2.92,2.03,0.0,1.95,0.0,1.33,0.61,0.23,0.0,0.0,1.0,0.0,0.0,1.0,0.0,0.0,1.0,1.0,1.0,0.0,1.0,0.0,0.0,0.0,0.0,0.0,0.0,sana_clip_043_2.jpg
328,0,0.0,0.98,1,0.41,0.66,0.0,0.0,1.75,0.73,0.69,1.56,2.6,1.49,0.15,2.0,0.0,0.85,0.55,0.12,0.04,0.0,1.0,0.0,0.0,1.0,0.0,0.0,1.0,1.0,1.0,0.0,1.0,0.0,0.0,0.0,0.0,0.0,0.0,sana_clip_043_3.jpg
329,0,0.0,0.98,1,0.85,1.09,0.0,0.0,1.66,1.27,0.58,1.46,2.3,0.96,0.18,2.07,0.0,0.32,0.46,0.0,0.07,0.0,0.0,0.0,0.0,1.0,0.0,0.0,1.0,1.0,1.0,0.0,1.0,0.0,0.0,0.0,0.0,0.0,0.0,sana_clip_045_1.jpg
330,0,0.0,0.98,1,1.28,1.57,0.0,0.0,1.51,1.52,0.5,1.37,2.0,0.57,0.29,2.09,0.0,0.0,0.0,0.0,0.07,0.0,1.0,0.0,0.0,1.0,0.0,0.0,1.0,1.0,1.0,0.0,1.0,0.0,0.0,0.0,0.0,0.0,0.0,sana_clip_045_2.jpg
331,0,0.0,0.98,1,0.97,0.96,0.61,0.0,2.08,1.91,0.34,2.1,2.53,0.88,0.74,2.86,0.47,0.85,0.71,0.65,0.03,0.0,1.0,0.0,0.0,1.0,0.0,0.0,1.0,1.0,1.0,0.0,1.0,0.0,0.0,0.0,0.0,0.0,0.0,sana_clip_045_3.jpg
332,0,0.0,0.88,1,0.77,0.48,1.29,0.0,2.52,2.24,0.24,2.7,3.0,0.85,1.21,3.56,0.85,1.65,1.52,1.19,0.0,0.0,1.0,1.0,0.0,1.0,1.0,0.0,1.0,1.0,1.0,0.0,1.0,0.0,0.0,0.0,0.0,0.0,0.0,sana_clip_046_1.jpg
333,0,0.0,0.98,1,0.59,0.0,2.04,0.0,2.98,2.52,0.16,3.34,3.47,0.97,1.59,4.28,1.23,2.44,2.28,1.72,0.0,0.0,1.0,1.0,0.0,1.0,1.0,0.0,1.0,1.0,1.0,0.0,1.0,0.0,0.0,0.0,0.0,0.0,0.0,sana_clip_046_2.jpg
334,0,0.0,0.98,1,0.49,0.0,2.5,0.0,2.62,1.71,0.16,2.84,3.4,1.35,0.99,3.29,0.76,1.88,1.57,1.71,0.0,0.0,1.0,1.0,0.0,1.0,1.0,0.0,1.0,1.0,1.0,1.0,1.0,0.0,0.0,0.0,0.0,0.0,0.0,sana_clip_046_3.jpg
335,0,0.0,0.98,1,0.25,0.1,3.12,0.0,2.43,0.87,0.08,2.42,3.38,1.86,0.48,2.28,0.38,1.44,0.77,1.62,0.0,0.0,1.0,1.0,0.0,1.0,1.0,0.0,1.0,1.0,0.0,1.0,1.0,0.0,1.0,0.0,1.0,0.0,0.0,sana_clip_047_1.jpg
336,0,0.0,0.98,1,0.0,0.4,3.16,0.0,1.96,0.04,0.0,2.21,3.31,2.63,0.21,1.42,0.0,1.08,0.0,1.61,0.0,0.0,1.0,1.0,0.0,1.0,1.0,0.0,1.0,1.0,0.0,1.0,1.0,0.0,1.0,0.0,1.0,0.0,0.0,sana_clip_047_2.jpg
337,0,0.0,0.98,1,1.67,0.85,2.09,0.0,1.58,1.18,0.0,1.76,2.27,1.98,0.82,2.14,0.72,0.79,0.01,1.67,0.23,0.0,1.0,1.0,0.0,1.0,1.0,0.0,1.0,1.0,0.0,1.0,1.0,0.0,1.0,0.0,1.0,0.0,0.0,sana_clip_047_3.jpg
338,0,0.0,0.88,1,3.33,1.57,0.79,0.0,1.1,2.16,0.09,1.45,1.29,1.47,1.31,2.86,1.2,0.42,0.01,1.78,0.59,0.0,1.0,1.0,0.0,0.0,1.0,0.0,1.0,1.0,1.0,1.0,1.0,0.0,1.0,0.0,1.0,0.0,0.0,sana_clip_048_1.jpg
339,0,0.0,0.98,1,5.0,2.14,0.06,0.0,0.94,3.23,0.2,1.0,0.49,0.65,1.75,3.46,1.58,0.0,0.01,1.71,1.0,0.0,1.0,1.0,0.0,0.0,1.0,0.0,1.0,0.0,1.0,1.0,1.0,0.0,1.0,0.0,0.0,0.0,0.0,sana_clip_048_2.jpg
340,0,0.0,0.93,1,3.33,1.69,0.17,0.03,0.7,2.09,0.23,1.19,0.63,1.0,1.57,2.69,1.01,0.47,0.0,1.05,0.95,0.0,1.0,1.0,0.0,0.0,1.0,0.0,1.0,0.0,1.0,1.0,1.0,1.0,1.0,0.0,0.0,0.0,0.0,sana_clip_048_3.jpg
341,0,0.0,0.98,1,1.77,0.88,0.17,0.11,0.61,1.07,0.2,1.47,0.75,1.27,1.65,2.23,0.61,0.71,0.0,0.66,0.76,0.0,0.0,1.0,0.0,0.0,1.0,0.0,1.0,0.0,1.0,1.0,1.0,1.0,0.0,0.0,0.0,0.0,0.0,sana_clip_049_1.jpg
342,0,0.0,0.98,1,0.33,0.0,0.11,0.25,0.41,0.0,0.12,1.79,0.78,1.54,1.58,1.74,0.35,0.82,0.0,0.36,0.72,0.0,0.0,1.0,0.0,1.0,1.0,0.0,1.0,0.0,1.0,1.0,1.0,1.0,0.0,0.0,0.0,0.0,0.0,sana_clip_049_2.jpg
343,0,0.0,0.98,1,0.33,0.0,0.0,0.23,1.42,0.73,0.09,1.7,1.56,1.53,1.15,1.46,0.41,0.35,0.21,0.32,0.54,0.0,0.0,1.0,0.0,1.0,1.0,0.0,1.0,1.0,1.0,1.0,0.0,1.0,0.0,0.0,0.0,0.0,0.0,sana_clip_049_3.jpg
344,0,0.0,0.98,1,0.23,0.0,0.0,0.14,2.35,1.44,0.02,1.47,2.27,1.65,0.58,1.04,0.73,0.11,0.43,0.16,0.37,0.0,0.0,0.0,0.0,1.0,0.0,0.0,1.0,1.0,1.0,0.0,0.0,1.0,0.0,1.0,0.0,0.0,0.0,sana_clip_050_1.jpg
345,0,0.0,0.98,1,0.0,0.0,0.0,0.0,3.34,2.15,0.0,1.22,2.95,1.71,0.0,0.67,1.05,0.0,0.67,0.0,0.0,0.0,0.0,0.0,0.0,1.0,0.0,0.0,1.0,1.0,1.0,0.0,0.0,1.0,0.0,1.0,0.0,0.0,1.0,sana_clip_050_2.jpg
346,0,0.0,0.98,1,0.2,0.22,0.0,0.0,3.13,1.48,0.0,1.35,2.82,1.96,0.0,0.51,0.83,0.0,0.78,0.21,0.52,0.0,0.0,0.0,0.0,1.0,0.0,0.0,1.0,1.0,1.0,0.0,0.0,0.0,0.0,1.0,0.0,0.0,1.0,sana_clip_050_3.jpg
347,0,0.0,0.93,1,0.44,0.46,0.0,0.0,2.82,0.85,0.0,1.33,2.71,1.94,0.0,0.26,0.44,0.0,0.71,0.21,1.11,1.0,0.0,0.0,0.0,1.0,1.0,0.0,1.0,1.0,1.0,0.0,0.0,0.0,0.0,1.0,0.0,0.0,0.0,sana_clip_051_1.jpg
348,0,0.0,0.93,1,0.94,0.88,0.0,0.0,2.52,0.41,0.0,1.36,2.63,1.96,0.0,0.02,0.0,0.0,0.93,0.48,1.69,1.0,0.0,0.0,0.0,1.0,1.0,0.0,1.0,1.0,1.0,0.0,0.0,0.0,0.0,1.0,0.0,0.0,0.0,sana_clip_051_2.jpg
349,0,0.0,0.93,1,0.73,0.66,0.0,0.0,2.18,0.98,0.0,1.41,2.78,1.59,0.0,0.05,0.0,0.0,1.19,0.69,1.36,1.0,0.0,0.0,0.0,1.0,1.0,0.0,1.0,1.0,1.0,0.0,0.0,0.0,0.0,1.0,0.0,0.0,0.0,sana_clip_051_3.jpg
350,0,0.0,0.98,1,0.49,0.42,0.0,0.0,1.88,1.69,0.0,1.5,2.89,1.39,0.0,0.1,0.0,0.0,1.67,1.2,0.95,1.0,0.0,0.0,0.0,1.0,1.0,0.0,1.0,1.0,1.0,0.0,0.0,0.0,0.0,1.0,0.0,0.0,1.0,sana_clip_052_1.jpg
351,0,0.0,0.98,1,0.0,0.0,0.0,0.0,1.49,2.09,0.0,1.49,3.03,1.12,0.0,0.16,0.0,0.0,1.83,1.36,0.64,1.0,0.0,0.0,0.0,1.0,1.0,0.0,1.0,1.0,1.0,0.0,0.0,0.0,0.0,1.0,0.0,0.0,1.0,sana_clip_052_2.jpg
352,0,0.0,0.98,1,0.0,0.0,0.07,0.0,1.85,2.16,0.0,1.84,3.11,1.58,0.0,0.12,0.0,0.0,1.75,1.06,0.62,1.0,0.0,0.0,0.0,1.0,1.0,0.0,1.0,1.0,1.0,0.0,0.0,0.0,0.0,1.0,0.0,0.0,1.0,sana_clip_052_3.jpg
353,0,0.0,0.98,1,0.0,0.0,0.14,0.0,2.3,2.15,0.0,2.18,3.26,2.04,0.0,0.07,0.0,0.0,1.59,0.61,0.43,0.0,0.0,0.0,0.0,1.0,1.0,0.0,1.0,1.0,1.0,0.0,0.0,0.0,0.0,1.0,0.0,0.0,0.0,sana_clip_053_1.jpg
354,0,0.0,0.98,1,0.0,0.0,0.22,0.0,2.88,2.27,0.0,2.58,3.44,2.67,0.0,0.0,0.0,0.0,1.41,0.2,0.36,0.0,0.0,0.0,0.0,1.0,1.0,0.0,1.0,1.0,1.0,0.0,0.0,0.0,0.0,1.0,0.0,0.0,0.0,sana_clip_053_2.jpg
355,0,0.0,0.98,1,0.0,0.39,0.15,0.0,2.85,1.97,0.0,2.5,3.25,2.37,0.0,0.02,0.0,0.0,1.44,0.21,0.2,0.0,0.0,0.0,0.0,1.0,1.0,0.0,1.0,1.0,1.0,0.0,0.0,0.0,0.0,0.0,0.0,0.0,0.0,sana_clip_053_3.jpg
356,0,0.0,0.98,1,0.0,0.74,0.08,0.0,2.71,1.62,0.03,2.33,2.95,2.05,0.0,0.1,0.0,0.0,1.45,0.38,0.2,0.0,1.0,0.0,0.0,1.0,1.0,0.0,1.0,1.0,1.0,0.0,0.0,0.0,0.0,0.0,0.0,0.0,0.0,sana_clip_054_1.jpg
357,0,0.0,0.98,1,0.0,1.09,0.0,0.0,2.5,1.31,0.07,2.17,2.59,1.73,0.0,0.2,0.0,0.0,1.44,0.48,0.0,0.0,1.0,0.0,0.0,1.0,1.0,0.0,1.0,1.0,1.0,0.0,0.0,0.0,0.0,0.0,0.0,0.0,0.0,sana_clip_054_2.jpg
358,0,0.0,0.98,1,0.73,0.91,0.57,0.0,1.72,1.18,0.07,1.66,1.69,1.47,0.99,1.32,0.81,0.07,0.92,0.74,0.0,0.0,1.0,0.0,0.0,1.0,1.0,0.0,1.0,1.0,1.0,0.0,0.0,0.0,0.0,0.0,0.0,0.0,0.0,sana_clip_054_3.jpg
359,0,0.0,0.88,1,1.44,0.72,1.16,0.0,0.98,1.12,0.03,1.33,0.85,1.01,1.93,2.56,1.64,0.15,0.43,0.77,0.0,1.0,1.0,0.0,0.0,1.0,1.0,0.0,1.0,1.0,1.0,1.0,0.0,0.0,0.0,0.0,0.0,0.0,0.0,sana_clip_055_1.jpg
360,0,0.0,0.88,1,2.18,0.53,1.88,0.0,0.27,1.09,0.0,1.03,0.06,0.39,3.6,3.72,2.68,0.46,0.0,0.63,0.0,1.0,1.0,0.0,0.0,1.0,1.0,0.0,1.0,1.0,1.0,1.0,0.0,0.0,0.0,0.0,0.0,0.0,0.0,sana_clip_055_2.jpg
361,0,0.0,0.82,1,1.45,0.31,1.31,0.0,0.65,1.38,0.0,1.41,1.1,0.58,2.66,2.6,1.87,0.39,0.3,0.25,0.49,1.0,1.0,0.0,0.0,1.0,1.0,0.0,1.0,1.0,1.0,1.0,1.0,0.0,0.0,0.0,0.0,0.0,0.0,sana_clip_055_3.jpg
362,0,0.0,0.98,1,0.74,0.15,0.72,0.0,0.95,1.16,0.0,1.69,2.28,0.88,1.73,1.39,1.04,0.31,0.75,0.0,1.25,1.0,1.0,0.0,0.0,1.0,1.0,0.0,1.0,1.0,1.0,1.0,1.0,0.0,0.0,0.0,0.0,0.0,0.0,sana_clip_056_1.jpg
363,0,0.0,0.93,1,0.29,0.0,0.08,0.0,1.3,1.42,0.0,1.38,3.05,1.42,0.19,0.76,0.0,0.25,0.97,0.0,1.36,1.0,1.0,0.0,0.0,1.0,1.0,0.0,1.0,1.0,1.0,1.0,0.0,0.0,0.0,0.0,0.0,0.0,0.0,sana_clip_056_2.jpg
364,0,0.0,0.77,1,0.29,0.0,0.08,0.0,1.48,1.26,0.0,1.0,2.71,1.28,0.14,0.73,0.0,0.25,1.11,0.21,1.03,1.0,1.0,0.0,0.0,1.0,1.0,0.0,1.0,1.0,1.0,1.0,0.0,0.0,0.0,0.0,0.0,0.0,0.0,sana_clip_056_3.jpg
365,0,0.0,0.98,1,0.29,0.0,0.08,0.0,1.86,1.64,0.0,0.85,2.39,1.31,0.14,0.67,0.0,0.35,1.21,0.3,0.38,1.0,0.0,0.0,0.0,1.0,1.0,0.0,1.0,1.0,1.0,0.0,0.0,0.0,0.0,1.0,0.0,0.0,0.0,sana_clip_057_1.jpg
366,0,0.0,0.98,1,0.0,0.0,0.0,0.0,2.24,1.1,0.0,1.31,2.49,1.35,0.0,0.05,0.0,0.2,1.59,0.41,0.38,1.0,0.0,0.0,0.0,1.0,1.0,0.0,1.0,1.0,1.0,0.0,0.0,0.0,0.0,1.0,0.0,0.0,0.0,sana_clip_057_2.jpg
367,0,0.0,0.98,1,0.0,0.0,0.0,0.0,2.31,1.23,0.0,1.72,2.48,1.3,0.0,0.44,0.12,0.2,1.57,0.6,0.47,1.0,0.0,0.0,0.0,1.0,1.0,0.0,1.0,1.0,1.0,0.0,1.0,0.0,0.0,1.0,0.0,0.0,0.0,sana_clip_057_3.jpg
368,0,0.0,0.98,1,0.0,0.0,0.0,0.0,2.24,1.1,0.0,1.88,2.32,1.19,0.01,0.78,0.17,0.1,1.35,0.83,0.62,1.0,0.0,0.0,0.0,1.0,1.0,0.0,1.0,1.0,1.0,0.0,1.0,0.0,0.0,1.0,0.0,0.0,0.0,sana_clip_058_1.jpg
369,0,0.0,0.98,1,0.0,0.0,0.0,0.0,2.06,1.35,0.0,2.05,2.15,1.08,0.01,1.04,0.26,0.0,1.17,1.03,0.6,0.0,0.0,0.0,0.0,1.0,1.0,0.0,1.0,1.0,1.0,0.0,1.0,0.0,1.0,1.0,0.0,0.0,0.0,sana_clip_058_2.jpg
370,0,0.0,0.98,1,0.0,0.0,0.15,0.0,2.78,1.7,0.67,2.71,2.45,1.76,0.75,1.6,1.07,0.3,1.08,0.84,0.35,0.0,0.0,0.0,0.0,1.0,1.0,0.0,1.0,1.0,1.0,0.0,1.0,1.0,1.0,1.0,0.0,0.0,0.0,sana_clip_058_3.jpg
371,0,0.0,0.98,1,0.0,0.0,0.38,0.0,3.49,2.28,1.37,3.38,2.7,2.33,1.17,2.38,1.7,0.77,1.06,0.62,0.09,0.0,0.0,1.0,0.0,1.0,1.0,1.0,1.0,1.0,1.0,1.0,1.0,1.0,0.0,1.0,0.0,0.0,0.0,sana_clip_059_1.jpg
372,0,0.0,0.98,1,0.0,0.0,0.71,0.0,4.22,2.78,2.07,3.87,2.94,2.74,1.7,3.19,2.52,1.33,0.8,0.38,0.0,0.0,0.0,1.0,0.0,1.0,1.0,1.0,1.0,1.0,1.0,1.0,1.0,1.0,0.0,1.0,0.0,0.0,0.0,sana_clip_059_2.jpg
373,0,0.0,0.98,1,0.14,0.0,0.57,0.0,2.88,1.92,1.55,3.17,2.06,1.75,1.02,2.84,1.59,1.6,0.47,0.57,0.0,0.0,0.0,1.0,0.0,1.0,1.0,1.0,1.0,1.0,1.0,1.0,1.0,1.0,0.0,1.0,0.0,0.0,0.0,sana_clip_059_3.jpg
374,0,0.0,0.82,1,0.24,0.0,0.39,0.0,1.8,0.93,0.85,2.77,1.52,0.88,0.59,2.18,0.91,1.58,0.15,0.64,0.0,0.0,0.0,1.0,0.0,1.0,1.0,1.0,1.0,1.0,1.0,1.0,1.0,0.0,0.0,0.0,0.0,0.0,0.0,sana_clip_060_1.jpg
375,0,0.0,0.88,1,0.38,0.0,0.19,0.0,0.41,0.01,0.21,2.19,0.66,0.0,0.06,1.79,0.0,1.63,0.0,0.88,0.0,0.0,0.0,1.0,0.0,1.0,1.0,1.0,1.0,1.0,1.0,1.0,1.0,0.0,0.0,0.0,0.0,0.0,1.0,sana_clip_060_2.jpg
376,0,0.0,0.82,1,0.38,0.0,0.19,0.26,0.73,0.34,0.07,1.68,1.2,0.0,0.01,1.29,0.0,1.06,0.14,0.48,0.64,0.0,0.0,1.0,0.0,1.0,1.0,1.0,1.0,1.0,1.0,1.0,0.0,0.0,0.0,0.0,0.0,0.0,1.0,sana_clip_060_3.jpg
377,0,0.0,0.93,1,0.43,0.0,0.13,0.28,0.93,0.99,0.07,1.09,1.63,0.14,0.01,0.83,0.0,0.61,0.25,0.31,1.76,0.0,0.0,0.0,1.0,1.0,1.0,0.0,1.0,1.0,1.0,0.0,0.0,0.0,0.0,0.0,0.0,0.0,1.0,sana_clip_061_1.jpg
378,0,0.0,0.98,1,0.28,0.0,0.0,0.28,1.51,1.76,0.0,0.93,2.46,0.23,0.0,0.13,0.0,0.0,0.33,0.0,2.98,0.0,0.0,0.0,1.0,1.0,1.0,0.0,1.0,1.0,1.0,0.0,0.0,0.0,0.0,0.0,0.0,0.0,1.0,sana_clip_061_2.jpg
379,0,0.0,0.98,1,0.15,0.0,0.0,0.03,1.45,1.74,0.0,0.94,2.46,0.37,0.07,0.22,0.0,0.0,0.23,0.12,2.7,0.0,0.0,0.0,1.0,1.0,1.0,0.0,1.0,1.0,1.0,0.0,1.0,0.0,0.0,0.0,0.0,0.0,0.0,sana_clip_061_3.jpg
380,0,0.0,0.98,1,0.0,0.0,0.01,0.0,1.31,1.32,0.0,0.76,2.29,0.37,0.16,0.43,0.0,0.0,0.16,0.19,2.0,0.0,0.0,0.0,1.0,1.0,1.0,0.0,1.0,1.0,1.0,0.0,0.0,0.0,0.0,0.0,0.0,0.0,0.0,sana_clip_062_1.jpg
381,0,0.0,0.98,1,0.0,0.0,0.05,0.0,1.08,0.92,0.0,0.48,1.99,0.41,0.35,0.64,0.0,0.0,0.1,0.38,1.16,0.0,0.0,0.0,1.0,1.0,1.0,0.0,1.0,1.0,1.0,0.0,0.0,0.0,0.0,0.0,0.0,0.0,0.0,sana_clip_062_2.jpg
382,0,0.0,0.98,1,0.0,0.0,0.05,0.0,1.36,1.14,0.0,1.24,2.43,0.92,0.28,0.45,0.0,0.0,0.68,0.26,1.13,0.0,0.0,0.0,0.0,1.0,1.0,0.0,1.0,1.0,1.0,0.0,0.0,0.0,0.0,0.0,0.0,0.0,0.0,sana_clip_062_3.jpg
383,0,0.0,0.98,1,0.0,0.0,0.04,0.0,1.65,1.34,0.0,2.02,2.83,1.5,0.18,0.21,0.0,0.0,1.27,0.19,1.0,0.0,0.0,0.0,0.0,1.0,1.0,0.0,1.0,1.0,1.0,0.0,0.0,0.0,0.0,0.0,0.0,0.0,0.0,sana_clip_063_1.jpg
384,0,0.0,0.98,1,0.0,0.0,0.0,0.0,1.95,1.45,0.0,2.75,3.25,2.03,0.0,0.0,0.0,0.0,1.89,0.0,0.96,0.0,0.0,0.0,0.0,1.0,1.0,0.0,1.0,1.0,1.0,0.0,0.0,0.0,0.0,0.0,0.0,0.0,0.0,sana_clip_063_2.jpg
385,0,0.0,0.98,1,0.02,0.0,0.3,0.0,1.52,1.24,0.0,2.05,2.85,1.53,0.0,0.0,0.0,0.0,1.26,0.0,0.63,0.0,0.0,0.0,0.0,1.0,1.0,0.0,1.0,1.0,1.0,0.0,0.0,0.0,0.0,0.0,0.0,0.0,0.0,sana_clip_063_3.jpg
386,0,0.0,0.98,1,0.02,0.0,0.63,0.0,1.11,1.21,0.0,1.39,2.54,1.03,0.0,0.0,0.0,0.0,0.64,0.0,0.34,0.0,0.0,0.0,0.0,1.0,1.0,0.0,1.0,1.0,1.0,0.0,0.0,0.0,0.0,1.0,0.0,0.0,0.0,sana_clip_064_1.jpg
387,0,0.0,0.98,1,0.02,0.0,1.03,0.0,0.88,0.74,0.06,0.49,1.82,0.7,0.0,0.35,0.11,0.0,0.0,0.18,0.0,0.0,0.0,0.0,0.0,1.0,1.0,0.0,1.0,1.0,1.0,0.0,0.0,0.0,0.0,1.0,0.0,0.0,0.0,sana_clip_064_2.jpg
388,0,0.0,0.82,1,0.27,0.0,0.73,0.0,0.97,0.57,0.06,0.58,1.36,0.55,0.19,0.44,0.11,0.0,0.65,1.06,0.0,0.0,1.0,0.0,0.0,1.0,1.0,0.0,1.0,1.0,1.0,0.0,0.0,0.0,0.0,1.0,0.0,0.0,0.0,sana_clip_064_3.jpg
389,0,0.0,0.98,1,0.54,0.0,0.4,0.0,0.95,0.39,0.06,0.76,0.64,0.4,0.38,0.78,0.11,0.0,1.31,2.38,0.0,0.0,1.0,0.0,1.0,1.0,0.0,0.0,1.0,0.0,1.0,0.0,0.0,0.0,0.0,0.0,0.0,0.0,0.0,sana_clip_065_1.jpg
390,0,0.0,0.98,1,0.75,0.0,0.0,0.0,0.88,0.55,0.0,0.97,0.68,0.2,0.52,0.42,0.0,0.0,1.93,2.96,0.0,1.0,1.0,0.0,1.0,1.0,0.0,0.0,1.0,0.0,1.0,0.0,0.0,0.0,0.0,1.0,0.0,0.0,0.0,sana_clip_065_2.jpg
391,0,0.0,0.98,1,0.48,0.0,0.0,0.23,0.6,0.83,0.0,0.67,0.49,0.19,0.49,0.34,0.04,0.0,1.28,2.23,0.0,1.0,1.0,0.0,1.0,1.0,0.0,0.0,1.0,0.0,1.0,0.0,0.0,1.0,0.0,1.0,0.0,0.0,0.0,sana_clip_065_3.jpg
392,0,0.0,0.93,1,0.72,0.18,0.0,0.49,0.34,0.64,0.0,0.24,0.67,0.14,0.43,0.0,0.05,0.0,1.32,0.98,0.0,1.0,1.0,0.0,1.0,1.0,0.0,0.0,1.0,0.0,1.0,0.0,0.0,0.0,0.0,1.0,0.0,0.0,0.0,sana_clip_066_1.jpg
393,0,0.0,0.98,1,1.11,0.24,0.0,0.49,0.0,0.63,0.13,0.01,0.64,0.0,0.45,0.0,0.34,0.0,1.18,0.31,0.0,1.0,1.0,0.0,1.0,1.0,0.0,0.0,1.0,1.0,1.0,0.0,0.0,0.0,0.0,1.0,0.0,0.0,0.0,sana_clip_066_2.jpg
394,0,0.0,0.98,1,1.14,0.24,0.05,0.26,0.84,0.96,0.34,0.43,1.62,0.52,0.29,0.0,0.3,0.0,1.41,0.16,0.05,0.0,1.0,0.0,1.0,1.0,1.0,0.0,1.0,1.0,1.0,0.0,0.0,0.0,0.0,1.0,0.0,0.0,0.0,sana_clip_066_3.jpg
395,0,0.0,0.98,1,0.63,0.06,0.07,0.0,1.71,1.69,0.49,0.84,2.47,0.99,0.17,0.0,0.29,0.0,1.02,0.09,0.05,0.0,1.0,0.0,1.0,1.0,0.0,0.0,1.0,1.0,0.0,0.0,0.0,1.0,0.0,1.0,0.0,0.0,0.0,sana_clip_067_1.jpg
396,0,0.0,0.98,1,0.04,0.0,0.1,0.0,2.56,2.34,0.49,1.21,3.19,1.49,0.0,0.0,0.0,0.0,0.78,0.0,0.1,0.0,1.0,0.0,1.0,0.0,0.0,0.0,1.0,1.0,0.0,0.0,0.0,1.0,0.0,1.0,0.0,0.0,0.0,sana_clip_067_2.jpg
397,0,0.0,0.98,1,0.58,0.44,0.05,0.39,1.77,1.78,0.39,0.8,2.13,0.97,0.0,0.86,1.06,0.55,0.55,0.75,0.06,0.0,1.0,0.0,1.0,0.0,0.0,0.0,1.0,1.0,0.0,0.0,0.0,1.0,0.0,1.0,0.0,0.0,0.0,sana_clip_067_3.jpg
398,0,0.0,0.88,1,1.44,1.26,0.03,0.39,0.89,1.39,0.39,0.39,1.07,0.49,0.0,1.81,2.06,1.09,0.25,1.79,0.06,0.0,1.0,0.0,1.0,1.0,0.0,0.0,1.0,1.0,0.0,0.0,0.0,1.0,0.0,0.0,0.0,0.0,0.0,sana_clip_068_1.jpg
399,0,0.0,0.73,0,1.89,1.58,0.0,0.74,0.04,0.77,0.31,0.0,0.0,0.0,0.0,2.49,2.78,1.92,0.0,2.4,0.0,0.0,1.0,0.0,1.0,1.0,0.0,0.0,1.0,1.0,0.0,0.0,1.0,1.0,0.0,0.0,0.0,0.0,0.0,sana_clip_068_2.jpg
400,0,0.0,0.98,1,1.31,1.15,0.0,0.35,0.21,0.6,0.45,0.25,0.61,0.0,0.14,1.98,2.0,1.37,0.0,1.66,0.0,0.0,1.0,0.0,1.0,1.0,0.0,0.0,1.0,1.0,0.0,1.0,1.0,1.0,0.0,0.0,0.0,0.0,0.0,sana_clip_068_3.jpg
401,0,0.0,0.98,1,0.45,0.33,0.0,0.35,0.51,0.33,0.6,0.59,1.26,0.09,0.46,1.32,1.3,0.83,0.0,0.61,0.0,0.0,0.0,0.0,1.0,1.0,0.0,1.0,1.0,1.0,0.0,1.0,1.0,1.0,0.0,0.0,0.0,0.0,0.0,sana_clip_069_1.jpg
402,0,0.0,0.98,1,0.0,0.0,0.0,0.0,0.8,0.3,0.77,0.93,1.95,0.11,0.67,0.98,0.92,0.0,0.0,0.0,0.0,0.0,0.0,0.0,1.0,1.0,0.0,1.0,1.0,1.0,0.0,1.0,1.0,1.0,0.0,0.0,0.0,0.0,0.0,sana_clip_069_2.jpg
403,0,0.0,0.98,1,0.0,0.0,0.0,0.0,0.85,0.42,0.68,1.01,2.05,0.04,0.65,1.01,1.02,0.0,0.0,0.0,0.0,0.0,0.0,0.0,1.0,1.0,0.0,1.0,1.0,1.0,0.0,1.0,1.0,1.0,0.0,0.0,0.0,0.0,0.0,sana_clip_069_3.jpg
