frame,face_id,timestamp,confidence,success,AU01_r,AU02_r,AU04_r,AU05_r,AU06_r,AU07_r,AU09_r,AU10_r,AU12_r,AU14_r,AU15_r,AU17_r,AU20_r,AU23_r,AU25_r,AU26_r,AU45_r,AU01_c,AU02_c,AU04_c,AU05_c,AU06_c,AU07_c,AU09_c,AU10_c,AU12_c,AU14_c,AU15_c,AU17_c,AU20_c,AU23_c,AU25_c,AU26_c,AU28_c,AU45_c,kmeans_cluster,dbscan_cluster,pc1,pc2
1,0,0.0,0.98,1,0.0,0.0,0.0,0.0,2.2,1.3,0.0,1.82,3.57,0.98,0.17,0.27,0.33,0.0,0.14,0.0,0.86,0.0,0.0,0.0,0.0,1.0,1.0,0.0,1.0,1.0,1.0,0.0,0.0,1.0,0.0,0.0,0.0,0.0,1.0,1,-1,2.373255501316528,-0.1688848630586953
2,0,0.0,0.98,1,0.0,0.0,0.0,0.0,2.18,1.36,0.0,1.73,3.58,1.09,0.07,0.23,0.29,0.0,0.09,0.0,1.44,0.0,0.0,0.0,0.0,1.0,1.0,0.0,1.0,1.0,1.0,0.0,0.0,1.0,0.0,0.0,0.0,0.0,1.0,1,-1,2.588973500776297,-0.31991730004265245
3,0,0.0,0.98,1,0.45,0.31,0.0,0.16,1.74,0.92,0.0,1.62,3.33,1.16,0.01,0.19,0.17,0.0,0.57,0.32,1.48,0.0,0.0,0.0,0.0,1.0,1.0,0.0,1.0,1.0,1.0,0.0,0.0,1.0,0.0,0.0,0.0,0.0,1.0,1,-1,1.6727268298693587,0.18767931358253634
4,0,0.0,0.98,1,1.02,0.61,0.0,0.31,1.27,0.5,0.0,1.55,3.12,1.16,0.01,0.22,0.06,0.0,1.1,0.5,1.42,0.0,0.0,0.0,0.0,1.0,1.0,0.0,1.0,1.0,1.0,1.0,0.0,0.0,0.0,1.0,0.0,0.0,1.0,2,-1,0.656037905498239,0.797799485748174
5,0,0.0,0.98,1,1.02,0.61,0.0,0.31,0.72,0.64,0.0,1.49,2.55,1.08,0.0,0.34,0.0,0.0,1.21,0.86,0.59,0.0,0.0,0.0,0.0,1.0,1.0,0.0,1.0,1.0,1.0,1.0,0.0,0.0,0.0,1.0,0.0,0.0,1.0,4,-1,-0.10264360396665115,0.5553314492647152
6,0,0.0,0.98,1,0.57,0.3,0.02,0.19,0.95,0.64,0.75,1.63,2.33,1.56,0.37,0.51,0.0,0.49,1.17,0.54,0.48,0.0,0.0,0.0,0.0,1.0,1.0,0.0,1.0,1.0,1.0,1.0,0.0,0.0,0.0,1.0,0.0,0.0,1.0,1,-1,0.5302025458217557,1.2955282017531824
7,0,0.0,0.88,1,0.0,0.0,0.02,0.18,1.2,0.7,1.51,1.91,2.19,2.04,0.6,0.55,0.0,1.12,1.11,0.36,0.34,0.0,0.0,0.0,0.0,1.0,1.0,0.0,1.0,1.0,1.0,1.0,0.0,0.0,0.0,1.0,0.0,0.0,1.0,1,-1,1.2484287723178717,2.2330347014375063
8,0,0.0,0.88,1,0.0,0.0,0.02,0.25,1.51,0.1,2.21,2.05,2.3,2.63,0.81,0.71,0.0,1.79,1.49,0.02,0.48,0.0,0.0,0.0,0.0,1.0,1.0,0.0,1.0,1.0,1.0,0.0,0.0,0.0,0.0,1.0,0.0,0.0,1.0,1,-1,1.4546644980961885,3.9235736023399355
9,0,0.0,0.88,1,0.0,0.0,0.0,0.21,1.82,0.94,1.47,1.87,2.53,2.23,0.44,0.48,0.19,1.31,1.53,0.18,0.62,0.0,0.0,0.0,0.0,1.0,1.0,0.0,1.0,1.0,1.0,0.0,0.0,0.0,0.0,1.0,0.0,0.0,1.0,1,-1,2.0497224677678045,2.76963673444415
10,0,0.0,0.98,1,0.0,0.0,0.0,0.07,2.15,1.65,0.7,1.62,2.76,1.92,0.2,0.3,0.48,0.68,1.61,0.37,0.77,0.0,0.0,0.0,0.0,1.0,1.0,0.0,1.0,1.0,1.0,0.0,0.0,0.0,0.0,1.0,0.0,0.0,1.0,1,-1,2.709769048509665,1.501430436288241
11,0,0.0,0.98,1,0.0,0.0,0.0,0.0,2.52,2.54,0.0,1.44,2.95,1.52,0.0,0.08,0.78,0.0,1.6,0.61,0.9,0.0,0.0,0.0,0.0,1.0,1.0,0.0,1.0,1.0,1.0,0.0,0.0,0.0,0.0,1.0,0.0,0.0,1.0,2,-1,3.3586924394436544,0.29136706071387064
12,0,0.0,0.98,1,0.0,0.0,0.0,0.0,1.75,1.93,0.0,0.98,2.43,1.08,0.0,0.08,0.59,0.17,1.35,1.26,0.54,0.0,0.0,0.0,0.0,1.0,1.0,0.0,1.0,1.0,1.0,0.0,0.0,0.0,0.0,1.0,0.0,0.0,1.0,2,-1,1.8613939467801506,-0.631732171757913
13,0,0.0,0.98,1,0.0,0.0,0.0,0.0,0.95,1.28,0.0,0.5,1.86,0.56,0.0,0.08,0.3,0.45,0.97,1.82,0.27,1.0,1.0,0.0,1.0,1.0,1.0,0.0,1.0,1.0,1.0,0.0,0.0,0.0,0.0,1.0,0.0,0.0,0.0,0,-1,0.2055659773919671,-1.641344853209268
14,0,0.0,0.98,1,0.0,0.0,0.0,0.0,0.17,0.53,0.0,0.0,1.4,0.07,0.0,0.0,0.0,0.7,0.6,2.3,0.0,1.0,1.0,0.0,1.0,1.0,1.0,0.0,1.0,1.0,1.0,0.0,0.0,0.0,0.0,1.0,0.0,0.0,0.0,0,-1,-1.3703086694871685,-2.6527082842578076
15,0,0.0,0.98,1,0.7,1.03,0.0,0.48,0.52,0.3,0.0,0.55,2.15,0.41,0.2,0.52,0.12,1.17,0.96,1.85,0.0,1.0,1.0,0.0,1.0,1.0,1.0,0.0,1.0,1.0,1.0,0.0,0.0,0.0,0.0,0.0,0.0,0.0,0.0,4,-1,-2.4778346579607606,0.5269517115491027
16,0,0.0,0.98,1,1.54,2.17,0.0,0.84,0.96,0.14,0.0,1.19,2.86,0.96,0.41,1.22,0.27,1.36,1.41,1.18,0.0,1.0,1.0,0.0,1.0,1.0,0.0,0.0,1.0,1.0,1.0,0.0,0.0,0.0,0.0,0.0,0.0,0.0,0.0,4,-1,-3.2838381933854155,3.8091790126258886
17,0,0.0,0.98,1,2.4,3.27,0.0,1.21,1.39,0.0,0.0,1.86,3.52,1.63,0.64,2.02,0.37,1.45,1.75,0.49,0.0,1.0,1.0,0.0,1.0,1.0,0.0,0.0,1.0,1.0,1.0,0.0,0.0,0.0,0.0,0.0,0.0,0.0,0.0,4,-1,-4.076502826877144,7.089765160280759
18,0,0.0,0.98,1,1.7,2.23,0.0,0.74,0.98,0.0,0.0,1.31,2.34,1.24,0.44,1.5,0.25,0.82,1.11,0.14,0.0,1.0,1.0,0.0,1.0,1.0,0.0,0.0,1.0,1.0,1.0,0.0,0.0,0.0,0.0,0.0,0.0,0.0,0.0,4,-1,-3.219219766054413,3.4942519694508034
19,0,0.0,0.03,0,0.85,1.1,0.0,0.38,0.49,0.0,0.0,0.67,1.16,0.67,0.23,0.79,0.1,0.35,0.5,0.05,0.0,0.0,0.0,0.0,0.0,0.0,0.0,0.0,0.0,0.0,0.0,0.0,0.0,0.0,0.0,0.0,0.0,0.0,0.0,4,-1,-2.5404100685444138,-0.22064816253493938
20,0,0.0,0.03,0,0.0,0.0,0.0,0.0,0.0,0.0,0.0,0.0,0.0,0.0,0.0,0.0,0.0,0.0,0.0,0.0,0.0,0.0,0.0,0.0,0.0,0.0,0.0,0.0,0.0,0.0,0.0,0.0,0.0,0.0,0.0,0.0,0.0,0.0,0.0,0,-1,-1.8880749654111366,-3.9259549215495513
21,0,0.0,0.68,0,0.0,0.0,0.0,0.0,0.0,0.0,0.0,0.0,0.0,0.0,0.0,0.0,0.0,0.0,0.0,0.0,0.0,0.0,0.0,0.0,0.0,0.0,0.0,0.0,0.0,0.0,0.0,0.0,0.0,0.0,0.0,0.0,0.0,0.0,0.0,0,-1,-1.8880749654111366,-3.9259549215495513
22,0,0.0,0.47,0,0.01,0.0,0.05,0.0,0.75,0.44,0.0,0.43,0.77,0.21,0.0,0.06,0.37,0.0,0.53,0.53,0.0,0.0,0.0,0.0,0.0,0.0,0.0,0.0,0.0,0.0,0.0,0.0,0.0,0.0,0.0,0.0,0.0,0.0,0.0,0,-1,-0.6727890550515169,-2.759230633834589
23,0,0.0,0.98,1,0.19,0.0,0.05,0.0,1.54,0.84,0.0,0.85,1.61,0.67,0.0,0.15,0.65,0.0,0.95,1.07,0.0,1.0,0.0,0.0,0.0,1.0,0.0,0.0,1.0,1.0,1.0,0.0,0.0,0.0,0.0,1.0,1.0,0.0,0.0,0,-1,0.5541435570533122,-1.4078834229184773
24,0,0.0,0.98,1,0.36,0.0,0.05,0.0,2.45,1.35,0.0,1.13,2.54,0.97,0.0,0.15,0.93,0.31,1.34,1.73,0.0,1.0,0.0,0.0,0.0,1.0,1.0,0.0,1.0,1.0,1.0,0.0,0.0,0.0,0.0,1.0,1.0,0.0,0.0,2,-1,1.6676455869953406,-0.04330536665631346
25,0,0.0,0.98,1,0.66,0.0,0.0,0.0,2.72,1.62,0.0,1.11,2.82,1.21,0.0,0.09,0.75,0.31,1.16,1.74,0.0,1.0,0.0,0.0,0.0,1.0,1.0,0.0,1.0,1.0,1.0,0.0,0.0,0.0,0.0,1.0,1.0,0.0,0.0,2,-1,1.9411990226443592,0.24263796607917654
26,0,0.0,0.98,1,0.74,0.0,0.0,0.0,3.01,1.94,0.0,1.14,3.03,1.16,0.0,0.0,0.59,0.31,1.28,1.72,0.0,1.0,0.0,0.0,0.0,1.0,1.0,0.0,1.0,1.0,1.0,0.0,0.0,0.0,0.0,1.0,1.0,0.0,1.0,2,-1,2.3127366575407877,0.43313876131322937
27,0,0.0,0.98,1,0.76,0.0,0.0,0.0,2.09,1.57,0.0,1.14,2.61,1.1,0.0,0.44,0.32,0.0,0.91,1.06,0.72,1.0,1.0,0.0,0.0,1.0,1.0,0.0,1.0,1.0,1.0,0.0,0.0,0.0,0.0,1.0,1.0,0.0,1.0,2,-1,1.5846760720954225,-0.28207316402182536
28,0,0.0,0.98,1,0.63,0.0,0.0,0.0,1.07,0.89,0.0,1.04,2.1,0.91,0.0,0.88,0.12,0.0,0.57,0.53,1.39,0.0,1.0,0.0,0.0,1.0,1.0,0.0,1.0,1.0,1.0,1.0,0.0,0.0,0.0,1.0,0.0,0.0,1.0,0,-1,0.46880590390620114,-1.043557709806917
29,0,0.0,0.98,1,0.62,0.0,0.0,0.0,0.0,0.17,0.0,1.01,1.68,0.84,0.0,1.33,0.0,0.0,0.03,0.0,2.19,0.0,0.0,0.0,0.0,1.0,1.0,0.0,1.0,1.0,1.0,1.0,0.0,0.0,0.0,1.0,0.0,0.0,1.0,0,-1,-0.6573667307590951,-1.7244019894539349
30,0,0.0,0.98,1,0.42,0.0,0.36,0.0,0.69,1.24,0.46,1.24,1.86,0.97,0.05,0.94,0.19,0.21,0.14,0.0,2.08,0.0,0.0,0.0,0.0,1.0,1.0,0.0,1.0,1.0,1.0,1.0,0.0,0.0,0.0,1.0,0.0,0.0,1.0,1,-1,0.6429847116699281,-0.9505989265196648
31,0,0.0,0.98,1,0.25,0.0,0.74,0.0,1.35,2.58,0.99,1.46,1.98,1.1,0.13,0.5,0.5,0.39,0.17,0.0,2.1,0.0,0.0,0.0,0.0,1.0,1.0,0.0,1.0,1.0,1.0,1.0,1.0,1.0,0.0,0.0,0.0,0.0,1.0,1,-1,2.039004160222462,-0.22969656333093744
32,0,0.0,0.98,1,0.0,0.0,0.94,0.0,2.06,3.86,1.51,1.61,2.04,1.17,0.18,0.09,0.7,0.58,0.39,0.0,1.96,0.0,0.0,1.0,0.0,1.0,1.0,0.0,1.0,1.0,1.0,1.0,1.0,1.0,0.0,0.0,0.0,0.0,1.0,1,-1,3.4115460663417494,0.4360249083759499
33,0,0.0,0.98,1,0.0,0.0,0.65,0.0,1.84,2.78,1.17,1.34,1.82,0.8,0.34,0.77,0.75,0.79,0.26,0.0,1.35,0.0,0.0,1.0,0.0,1.0,1.0,0.0,1.0,1.0,1.0,1.0,0.0,1.0,0.0,0.0,0.0,0.0,1.0,1,-1,1.7765020613141485,0.13166266015784725
34,0,0.0,0.77,1,0.08,0.0,0.27,0.0,1.46,1.75,0.82,0.84,1.5,0.41,0.26,1.05,0.87,0.62,0.39,0.0,1.7,0.0,0.0,1.0,0.0,1.0,1.0,0.0,1.0,1.0,1.0,1.0,0.0,1.0,0.0,1.0,0.0,0.0,1.0,1,-1,0.6635282382837765,-0.8872465892822444
35,0,0.0,0.98,1,0.24,0.0,0.07,0.0,1.06,0.93,0.37,0.33,1.24,0.0,0.21,1.08,1.25,0.42,0.36,0.0,2.0,0.0,0.0,1.0,0.0,1.0,1.0,0.0,1.0,1.0,1.0,1.0,1.0,1.0,0.0,1.0,0.0,0.0,1.0,0,-1,-0.41753872764297967,-2.0449847165171535
36,0,0.0,0.98,1,0.24,0.0,0.0,0.0,1.09,1.16,0.25,0.59,1.76,0.43,0.01,0.55,1.01,0.0,0.94,0.02,2.38,0.0,0.0,0.0,0.0,1.0,1.0,0.0,1.0,1.0,1.0,1.0,1.0,1.0,0.0,1.0,0.0,0.0,1.0,0,-1,0.8776284921589789,-1.8205560610285387
37,0,0.0,0.98,1,0.17,0.0,0.0,0.0,1.37,1.16,0.08,1.24,2.3,0.88,0.13,0.63,0.59,0.12,1.3,0.25,1.34,0.0,0.0,0.0,0.0,1.0,1.0,0.0,1.0,1.0,1.0,0.0,1.0,0.0,0.0,0.0,0.0,0.0,0.0,2,-1,1.3081170997459357,-0.5101284464711364
38,0,0.0,0.93,1,0.0,0.0,0.0,0.0,1.37,0.88,0.0,1.54,2.81,1.38,0.19,0.65,0.0,0.13,1.66,0.25,0.39,0.0,0.0,0.0,0.0,1.0,1.0,0.0,1.0,1.0,1.0,0.0,1.0,0.0,0.0,0.0,0.0,0.0,0.0,2,-1,1.6078750034604221,0.34627131630772434
39,0,0.0,0.98,1,0.0,0.0,0.01,0.0,1.4,1.36,0.26,1.31,2.51,1.44,0.18,0.79,0.0,0.14,1.08,0.23,0.0,0.0,0.0,0.0,0.0,1.0,1.0,0.0,1.0,1.0,1.0,0.0,1.0,0.0,0.0,0.0,0.0,0.0,0.0,2,-1,1.4370104463903974,0.06614572514853949
40,0,0.0,0.93,1,0.0,0.0,0.01,0.0,1.37,1.8,0.57,0.96,2.34,1.64,0.14,0.86,0.0,0.02,0.56,0.0,0.0,1.0,0.0,0.0,0.0,1.0,1.0,0.0,1.0,1.0,1.0,0.0,1.0,0.0,0.0,0.0,0.0,0.0,0.0,1,-1,1.5431818020993768,-0.31527262056212646
41,0,0.0,0.88,1,0.0,0.0,0.03,0.0,1.56,2.58,0.91,0.9,2.04,1.64,0.09,1.25,0.0,0.09,0.0,0.0,0.0,1.0,0.0,0.0,0.0,1.0,1.0,0.0,1.0,1.0,1.0,1.0,1.0,0.0,0.0,0.0,0.0,0.0,0.0,1,-1,1.636811238269723,-0.35358396146604265
42,0,0.0,0.88,1,0.63,0.18,0.13,0.0,1.41,1.73,0.65,1.41,1.78,2.21,0.21,1.9,0.45,0.39,0.1,0.52,0.0,1.0,0.0,0.0,0.0,1.0,1.0,0.0,1.0,1.0,1.0,1.0,1.0,0.0,0.0,0.0,0.0,0.0,0.0,1,-1,0.5910430133415924,1.017304132344075
43,0,0.0,0.98,1,1.27,0.18,0.13,0.0,1.14,0.95,0.33,1.83,1.49,2.39,0.23,2.38,0.78,0.57,0.3,0.95,0.01,0.0,1.0,0.0,0.0,1.0,1.0,0.0,1.0,1.0,1.0,1.0,1.0,0.0,0.0,0.0,0.0,0.0,0.0,1,-1,-0.4134931114664749,1.7519224087759306
44,0,0.0,0.98,1,1.75,0.23,0.1,0.25,0.65,0.0,0.0,2.25,1.19,2.34,0.22,3.21,0.78,0.81,0.3,1.44,0.01,0.0,1.0,0.0,0.0,1.0,1.0,0.0,1.0,1.0,1.0,1.0,1.0,0.0,0.0,0.0,0.0,0.0,0.0,4,-1,-2.1581494128696597,2.6037504383211223
45,0,0.0,0.98,1,1.12,0.05,0.0,0.25,0.47,0.4,0.0,1.47,1.25,1.46,0.1,2.22,0.33,0.52,0.39,0.98,0.01,0.0,1.0,0.0,1.0,1.0,1.0,0.0,1.0,1.0,1.0,1.0,1.0,0.0,0.0,0.0,0.0,0.0,0.0,0,-1,-1.7236278433223826,0.5711872154589926
46,0,0.0,0.98,1,0.48,0.05,0.0,0.25,0.41,0.85,0.0,0.73,1.31,0.81,0.0,1.31,0.0,0.34,0.31,0.61,0.0,0.0,1.0,0.0,1.0,1.0,1.0,0.0,1.0,1.0,1.0,0.0,1.0,0.0,0.0,0.0,0.0,0.0,0.0,0,-1,-1.3470046273852756,-1.1011147787118933
47,0,0.0,0.98,1,0.0,0.0,0.0,0.0,0.56,1.33,0.0,0.0,1.4,0.58,0.0,0.05,0.0,0.0,0.35,0.23,0.0,0.0,1.0,0.0,1.0,1.0,1.0,0.0,1.0,1.0,1.0,0.0,0.0,0.0,0.0,0.0,0.0,0.0,0.0,0,-1,-0.22239150856606588,-2.837228819533732
48,0,0.0,0.98,1,0.0,0.0,0.22,0.0,0.77,1.15,0.0,0.0,1.51,0.52,0.0,0.49,0.0,0.0,0.17,0.23,0.04,0.0,1.0,0.0,0.0,1.0,1.0,0.0,1.0,1.0,1.0,0.0,0.0,0.0,0.0,0.0,0.0,0.0,0.0,0,-1,-0.3519913466105585,-2.6903709350352085
49,0,0.0,0.88,1,0.0,0.0,0.28,0.0,1.04,1.02,0.0,0.0,1.71,0.63,0.0,0.78,0.0,0.0,0.04,0.17,0.15,0.0,0.0,0.0,0.0,1.0,1.0,0.0,1.0,1.0,1.0,0.0,0.0,0.0,0.0,0.0,0.0,0.0,0.0,0,-1,-0.23650730660914518,-2.460917381443934
50,0,0.0,0.93,1,0.0,0.0,0.34,0.0,1.29,0.93,0.0,0.0,1.88,0.4,0.0,1.01,0.02,0.07,0.0,0.06,0.15,0.0,0.0,0.0,0.0,1.0,1.0,0.0,1.0,1.0,1.0,0.0,1.0,0.0,0.0,0.0,0.0,0.0,0.0,0,-1,-0.27690268495550785,-2.3690567160344917
51,0,0.0,0.93,1,0.0,0.0,0.13,0.0,1.53,1.07,0.11,0.4,1.99,0.53,0.0,1.36,0.92,0.35,0.19,0.31,0.11,0.0,0.0,0.0,0.0,1.0,1.0,0.0,1.0,1.0,1.0,0.0,1.0,0.0,0.0,1.0,0.0,0.0,0.0,0,-1,-0.006561875258844302,-1.4929735821702144
52,0,0.0,0.98,1,0.0,0.0,0.07,0.0,1.76,1.13,0.24,0.81,2.01,0.49,0.0,1.87,1.89,0.66,0.32,0.64,0.0,0.0,0.0,0.0,0.0,1.0,1.0,0.0,1.0,1.0,1.0,1.0,1.0,0.0,0.0,1.0,0.0,0.0,0.0,0,-1,0.02718414671165825,-0.6526022624527296
53,0,0.0,0.98,1,0.0,0.0,0.0,0.0,2.01,0.99,0.31,1.17,2.14,0.76,0.0,2.4,2.86,0.9,0.47,0.92,0.0,0.0,0.0,0.0,1.0,1.0,1.0,0.0,1.0,1.0,1.0,1.0,1.0,0.0,0.0,0.0,0.0,0.0,0.0,0,-1,0.18866970137548106,0.3002101886353013
54,0,0.0,0.98,1,0.35,0.08,0.0,0.0,1.36,0.62,0.21,0.79,1.74,0.51,0.34,2.0,1.96,0.62,0.27,0.7,0.0,0.0,0.0,0.0,1.0,1.0,1.0,0.0,1.0,1.0,1.0,1.0,1.0,0.0,0.0,0.0,0.0,0.0,0.0,0,-1,-0.961142977913468,-0.5025755308633331
55,0,0.0,0.98,1,0.8,0.21,0.0,0.08,0.67,0.25,0.08,0.45,1.39,0.27,0.39,1.35,0.99,0.31,0.15,0.71,0.0,0.0,0.0,0.0,1.0,1.0,1.0,0.0,1.0,1.0,1.0,1.0,1.0,0.0,0.0,0.0,0.0,0.0,0.0,0,-1,-1.9875876903413447,-1.327863025874082
56,0,0.0,0.98,1,1.23,0.21,0.0,0.08,0.23,0.0,0.0,0.72,1.34,0.41,0.73,0.82,0.0,0.0,0.32,0.5,0.0,0.0,0.0,0.0,1.0,1.0,1.0,0.0,1.0,1.0,1.0,1.0,1.0,0.0,0.0,0.0,0.0,0.0,0.0,0,-1,-2.248499386284662,-1.1665729090835697
57,0,0.0,0.88,1,1.28,0.13,0.52,0.08,0.54,0.93,0.39,0.99,1.15,0.88,0.39,0.42,0.0,0.0,0.32,0.41,0.67,0.0,0.0,0.0,0.0,1.0,1.0,0.0,1.0,1.0,1.0,1.0,1.0,0.0,0.0,0.0,0.0,0.0,0.0,0,-1,-0.8054036180854064,-0.822161276784987
58,0,0.0,0.82,1,1.21,0.0,1.19,0.0,0.94,2.29,0.91,1.29,0.95,1.33,0.33,0.28,0.0,0.0,0.31,0.07,1.26,1.0,1.0,0.0,1.0,1.0,0.0,0.0,1.0,1.0,1.0,1.0,1.0,0.0,0.0,0.0,0.0,0.0,0.0,1,-1,0.8122920071989099,-0.30483539069790905
59,0,0.0,0.98,1,0.79,0.0,1.77,0.0,1.71,2.75,1.12,1.3,1.06,1.52,0.0,0.0,0.05,0.0,0.62,0.11,1.26,1.0,1.0,0.0,0.0,1.0,0.0,0.0,1.0,1.0,1.0,1.0,1.0,0.0,0.0,0.0,0.0,0.0,0.0,1,-1,2.206783466147965,-0.04340328042353909
60,0,0.0,0.98,1,0.93,0.47,1.24,0.08,2.1,1.82,0.73,1.91,2.07,1.64,0.11,0.61,0.05,0.44,1.06,0.15,0.59,1.0,1.0,0.0,0.0,1.0,0.0,0.0,1.0,1.0,1.0,1.0,1.0,0.0,0.0,0.0,0.0,0.0,0.0,1,-1,1.631338529351627,1.8806964033357414
61,0,0.0,0.98,1,1.11,0.97,0.58,0.08,2.45,0.46,0.21,2.5,3.16,1.7,0.35,1.27,0.05,0.91,1.32,0.15,0.0,1.0,1.0,0.0,0.0,1.0,1.0,0.0,1.0,1.0,1.0,1.0,1.0,0.0,0.0,0.0,0.0,0.0,0.0,4,-1,0.7304657232746559,3.6416675796384186
62,0,0.0,0.98,1,1.59,1.35,0.0,0.08,2.22,0.12,0.0,2.74,3.63,1.63,0.45,1.93,0.0,1.41,0.99,0.18,0.0,1.0,1.0,0.0,0.0,1.0,1.0,0.0,1.0,1.0,1.0,1.0,1.0,0.0,0.0,0.0,0.0,0.0,0.0,4,-1,-0.4435219767230029,4.527280926641018
63,0,0.0,0.98,1,1.06,0.88,0.0,0.0,1.53,0.53,0.0,2.04,2.66,1.27,0.39,1.91,0.09,0.97,0.66,1.11,0.61,1.0,1.0,0.0,0.0,1.0,1.0,0.0,1.0,1.0,1.0,1.0,1.0,0.0,0.0,1.0,1.0,0.0,0.0,4,-1,-0.6565542432582614,2.2212528557912687
64,0,0.0,0.88,1,0.51,0.38,0.02,0.0,0.79,0.92,0.0,1.23,1.58,0.88,0.18,1.72,0.15,0.5,0.46,2.08,1.31,1.0,1.0,0.0,0.0,1.0,0.0,0.0,1.0,1.0,1.0,1.0,1.0,0.0,0.0,0.0,0.0,0.0,1.0,0,-1,-0.8475747087058649,-0.2608258153340198
65,0,0.0,0.88,1,0.08,0.0,0.08,0.0,0.02,1.23,0.0,0.44,0.49,0.57,0.24,1.53,0.26,0.0,0.26,2.9,1.89,1.0,1.0,0.0,0.0,1.0,1.0,0.0,1.0,1.0,1.0,1.0,1.0,0.0,0.0,0.0,0.0,0.0,1.0,0,-1,-1.3380336371872028,-2.423532957569596
66,0,0.0,0.88,1,0.17,0.0,0.08,0.0,0.57,1.43,0.02,0.47,1.05,0.89,0.19,1.37,0.17,0.0,0.72,2.28,1.44,1.0,1.0,0.0,0.0,1.0,1.0,0.0,1.0,1.0,1.0,1.0,1.0,0.0,0.0,0.0,0.0,0.0,1.0,0,-1,-0.45155145416926823,-1.7020531977965012
67,0,0.0,0.98,1,0.17,0.0,0.91,0.0,0.62,1.04,0.1,0.35,1.15,1.12,0.55,2.07,0.4,0.51,0.66,1.32,0.75,0.0,1.0,0.0,0.0,1.0,1.0,0.0,1.0,1.0,1.0,1.0,1.0,0.0,0.0,1.0,0.0,0.0,1.0,0,-1,-1.2221256556553501,-0.6943484424575835
68,0,0.0,0.98,1,0.25,0.0,0.85,0.0,1.12,1.46,0.14,0.46,1.58,1.29,0.38,2.05,0.29,0.51,0.99,0.7,0.28,0.0,1.0,0.0,0.0,1.0,0.0,0.0,1.0,1.0,1.0,1.0,1.0,0.0,0.0,0.0,0.0,0.0,1.0,0,-1,-0.3730915307095897,-0.13578898616807192
69,0,0.0,0.98,1,0.15,0.0,0.95,0.0,1.39,1.43,0.22,1.07,1.54,1.29,0.5,2.31,0.64,0.51,1.23,0.69,0.13,0.0,0.0,0.0,0.0,1.0,0.0,0.0,1.0,1.0,1.0,1.0,1.0,0.0,0.0,0.0,0.0,0.0,0.0,0,-1,-0.06480636125786447,0.669437678032124
70,0,0.0,0.98,1,0.15,0.0,0.1,0.0,2.11,1.88,0.16,1.84,2.02,1.56,0.35,1.91,0.61,0.0,1.8,0.82,0.13,0.0,0.0,0.0,0.0,1.0,0.0,0.0,1.0,1.0,1.0,1.0,1.0,0.0,0.0,0.0,0.0,0.0,0.0,2,-1,1.6762808700247922,1.3114898661234622
71,0,0.0,0.98,1,0.0,0.0,0.18,0.0,2.49,1.65,0.14,2.46,2.15,1.69,0.46,2.04,0.96,0.0,2.11,0.92,0.0,0.0,1.0,0.0,0.0,1.0,0.0,0.0,1.0,1.0,1.0,1.0,1.0,0.0,0.0,1.0,0.0,0.0,0.0,2,-1,2.1412697309915356,2.1997093017625464
72,0,0.0,0.98,1,0.0,0.0,0.09,0.0,1.83,1.37,0.05,2.05,2.52,1.82,0.34,1.42,0.61,0.0,1.31,0.71,0.57,0.0,1.0,0.0,0.0,1.0,0.0,0.0,1.0,1.0,1.0,1.0,1.0,0.0,0.0,1.0,0.0,0.0,0.0,2,-1,1.9107940298561414,1.152842219347872
73,0,0.0,0.98,1,0.0,0.0,0.09,0.0,1.27,0.92,0.02,1.76,2.89,1.74,0.11,0.67,0.34,0.0,0.83,0.58,0.57,0.0,1.0,0.0,0.0,1.0,0.0,0.0,1.0,1.0,1.0,0.0,1.0,0.0,0.0,1.0,0.0,0.0,0.0,2,-1,1.7388345865855377,0.239327404017135
74,0,0.0,0.98,1,0.0,0.0,0.0,0.0,0.74,0.4,0.0,1.55,3.28,2.02,0.0,0.13,0.0,0.0,0.11,0.22,1.05,0.0,1.0,0.0,0.0,1.0,0.0,0.0,1.0,1.0,1.0,0.0,1.0,0.0,0.0,1.0,0.0,0.0,1.0,1,-1,1.6533744854525638,-0.4280858121659491
75,0,0.0,0.98,1,0.0,0.0,0.0,0.0,0.95,0.14,0.0,1.35,3.29,1.79,0.22,0.51,0.0,0.22,0.11,0.09,1.75,0.0,0.0,0.0,0.0,1.0,0.0,0.0,1.0,1.0,1.0,0.0,0.0,0.0,0.0,1.0,0.0,0.0,1.0,1,-1,1.285795841984811,-0.3375333044382522
76,0,0.0,0.98,1,0.0,0.0,0.0,0.0,1.13,0.33,0.0,1.12,3.26,1.65,0.3,0.86,0.0,0.47,0.03,0.09,3.09,0.0,0.0,0.0,0.0,1.0,0.0,0.0,1.0,1.0,1.0,0.0,0.0,0.0,0.0,0.0,0.0,0.0,1.0,1,-1,1.2616243754433853,-0.39721243140685614
77,0,0.0,0.98,1,0.0,0.0,0.0,0.0,1.21,0.24,0.0,0.85,3.07,1.26,0.54,1.15,0.0,0.62,0.0,0.0,3.66,0.0,0.0,0.0,0.0,1.0,0.0,0.0,1.0,1.0,1.0,0.0,1.0,0.0,0.0,0.0,0.0,0.0,1.0,1,-1,0.7219500767276716,-0.6077026767524324
78,0,0.0,0.98,1,0.0,0.0,0.0,0.0,1.41,0.65,0.09,1.16,2.72,1.8,0.67,1.34,0.18,0.39,0.0,0.0,2.39,0.0,0.0,0.0,0.0,1.0,1.0,0.0,1.0,1.0,1.0,0.0,1.0,0.0,0.0,0.0,0.0,0.0,1.0,1,-1,0.8995749227038502,0.03889981457803778
79,0,0.0,0.98,1,0.0,0.0,0.05,0.0,1.58,0.93,0.09,1.54,2.18,1.87,1.36,1.66,0.75,0.15,0.26,0.27,1.05,0.0,0.0,0.0,0.0,1.0,1.0,0.0,1.0,1.0,1.0,0.0,1.0,0.0,1.0,0.0,0.0,0.0,1.0,1,-1,0.3720298013584525,0.850670132647303
80,0,0.0,0.98,1,0.0,0.0,0.19,0.0,1.58,1.26,0.26,1.33,1.6,1.55,1.5,1.87,0.8,0.07,0.26,0.27,0.0,0.0,0.0,0.0,0.0,1.0,1.0,0.0,1.0,1.0,1.0,1.0,1.0,0.0,1.0,0.0,0.0,0.0,0.0,1,-1,-0.23582730428671458,0.6294674688369867
81,0,0.0,0.88,1,0.82,0.88,1.25,0.0,1.02,1.84,0.18,1.11,1.31,0.8,1.15,1.61,0.62,0.07,0.42,0.47,0.15,0.0,0.0,0.0,0.0,1.0,1.0,0.0,1.0,1.0,1.0,1.0,1.0,0.0,1.0,0.0,0.0,0.0,0.0,0,-1,-1.387178946610899,0.5983377536739839
82,0,0.0,0.93,1,1.15,1.22,1.94,0.0,0.64,2.6,0.18,0.46,1.04,0.31,0.38,1.2,0.05,0.07,0.36,0.75,0.15,0.0,1.0,0.0,0.0,1.0,1.0,0.0,1.0,1.0,1.0,1.0,1.0,0.0,1.0,0.0,0.0,0.0,0.0,0,-1,-1.6469340273048285,-0.47737334525791486
83,0,0.0,0.98,1,1.54,1.57,2.6,0.0,0.47,3.55,0.0,0.41,1.0,0.23,0.0,0.89,0.0,0.0,0.58,1.38,0.15,0.0,1.0,0.0,0.0,1.0,1.0,0.0,1.0,1.0,1.0,1.0,1.0,0.0,0.0,0.0,0.0,0.0,0.0,0,-1,-1.5418636539566013,-0.4511145607041946
84,0,0.0,0.98,1,0.71,0.69,1.54,0.0,0.45,2.51,0.0,0.16,1.13,0.0,0.0,0.5,0.0,0.0,0.51,1.33,0.0,0.0,1.0,0.0,0.0,1.0,1.0,0.0,1.0,1.0,1.0,1.0,1.0,0.0,0.0,0.0,0.0,0.0,0.0,0,-1,-1.0836230457352898,-1.9457051786122652
85,0,0.0,0.98,1,0.39,0.35,0.8,0.0,0.25,1.28,0.0,0.16,1.35,0.0,0.0,0.25,0.0,0.0,0.47,0.9,0.0,1.0,1.0,1.0,0.0,1.0,1.0,0.0,1.0,1.0,1.0,1.0,0.0,0.0,0.0,1.0,1.0,0.0,0.0,0,-1,-1.0780595319824586,-2.5128311260009135
86,0,0.0,0.98,1,0.0,0.0,0.0,0.0,0.0,0.0,0.0,0.15,1.63,0.43,0.05,0.19,0.0,0.0,0.25,0.28,0.0,1.0,1.0,1.0,0.0,1.0,1.0,0.0,1.0,1.0,1.0,1.0,0.0,0.0,0.0,1.0,1.0,0.0,0.0,0,-1,-1.0121492574039874,-2.875049125512129
87,0,0.0,0.98,1,0.55,0.0,0.47,0.0,0.24,0.12,0.0,0.59,1.34,0.52,0.09,0.19,0.0,0.0,0.64,0.54,0.0,1.0,0.0,1.0,0.0,1.0,1.0,0.0,1.0,1.0,1.0,1.0,0.0,0.0,0.0,1.0,1.0,0.0,0.0,0,-1,-0.952056726364522,-2.0260256340417917
88,0,0.0,0.93,1,1.17,0.0,0.92,0.0,0.52,0.22,0.0,1.02,1.13,0.7,0.21,0.18,0.0,0.0,1.01,0.65,0.11,0.0,0.0,0.0,0.0,1.0,1.0,0.0,1.0,1.0,1.0,1.0,0.0,0.0,0.0,0.0,1.0,0.0,0.0,0,-1,-0.8577848905129388,-1.0566713196076958
89,0,0.0,0.93,1,1.78,0.0,1.22,0.0,0.81,0.22,0.0,1.63,0.84,0.41,0.23,0.06,0.0,0.0,1.51,1.08,0.18,0.0,0.0,0.0,0.0,1.0,1.0,0.0,1.0,1.0,1.0,1.0,0.0,0.0,0.0,0.0,0.0,0.0,0.0,0,-1,-0.8512357348661632,-0.29418706562572544
90,0,0.0,0.93,1,1.24,0.05,0.95,0.0,0.98,0.94,0.0,1.27,1.01,0.52,0.2,0.26,0.0,0.05,1.27,1.03,0.18,0.0,0.0,0.0,0.0,1.0,1.0,0.0,1.0,1.0,1.0,1.0,0.0,0.0,0.0,0.0,1.0,0.0,0.0,0,-1,-0.4465866963615055,-0.6438238251063616
91,0,0.0,0.88,1,0.61,0.2,0.79,0.0,1.16,1.45,0.0,1.07,1.14,0.46,0.07,0.45,0.0,0.25,1.01,1.17,0.07,1.0,0.0,0.0,0.0,1.0,1.0,0.0,1.0,1.0,1.0,0.0,0.0,0.0,0.0,1.0,1.0,0.0,0.0,0,-1,-0.2087707029616157,-0.8918756831974514
92,0,0.0,0.88,1,0.0,0.2,0.66,0.0,1.2,1.96,0.0,0.59,1.28,0.32,0.0,0.52,0.0,0.6,0.62,1.19,0.0,0.0,0.0,0.0,0.0,1.0,1.0,0.0,1.0,1.0,1.0,0.0,0.0,0.0,0.0,1.0,0.0,0.0,0.0,0,-1,-0.1855004248767364,-1.4947189932236662
93,0,0.0,0.93,1,0.0,0.15,0.45,0.0,1.07,1.66,0.0,0.86,1.45,0.21,0.02,0.32,0.0,0.55,1.03,1.18,0.26,0.0,0.0,0.0,0.0,1.0,1.0,0.0,1.0,1.0,1.0,0.0,0.0,0.0,0.0,1.0,0.0,0.0,0.0,0,-1,0.05198113959725318,-1.334517014345866
94,0,0.0,0.98,1,0.0,0.0,0.17,0.0,0.84,1.62,0.0,0.98,1.61,0.16,0.19,0.17,0.0,0.35,1.29,1.04,0.57,0.0,0.0,0.0,0.0,1.0,1.0,0.0,1.0,1.0,1.0,0.0,0.0,0.0,0.0,1.0,0.0,0.0,0.0,0,-1,0.29256995239366973,-1.4281301521544638
95,0,0.0,0.98,1,0.0,0.0,0.0,0.0,0.8,1.76,0.0,1.15,1.79,0.25,0.28,0.04,0.0,0.0,1.84,1.04,0.8,0.0,0.0,0.0,0.0,1.0,1.0,0.0,1.0,1.0,1.0,0.0,0.0,0.0,0.0,1.0,0.0,0.0,0.0,2,-1,0.8652049250367255,-1.2165932590501578
96,0,0.0,0.98,1,0.0,0.0,0.22,0.0,1.21,1.97,0.0,1.16,1.94,0.77,0.26,0.14,0.18,0.0,1.75,1.19,0.54,0.0,0.0,0.0,0.0,1.0,1.0,0.0,1.0,1.0,1.0,0.0,0.0,0.0,0.0,1.0,1.0,0.0,0.0,2,-1,1.3274109880534146,-0.7032327064863634
97,0,0.0,0.98,1,0.0,0.0,0.42,0.0,1.68,2.15,0.0,1.18,2.11,1.42,0.08,0.28,0.35,0.0,1.72,1.48,0.24,0.0,0.0,0.0,0.0,1.0,1.0,0.0,1.0,1.0,1.0,0.0,0.0,0.0,0.0,1.0,1.0,0.0,0.0,2,-1,1.9585267772619197,-0.12932239408490356
98,0,0.0,0.98,1,0.0,0.0,0.58,0.0,2.02,2.07,0.0,1.21,2.28,1.84,0.0,0.35,0.51,0.0,1.56,1.51,0.0,0.0,0.0,0.0,0.0,1.0,1.0,0.0,1.0,1.0,1.0,0.0,0.0,0.0,0.0,1.0,1.0,0.0,0.0,2,-1,2.2983959334294557,0.23696216697022351
99,0,0.0,0.98,1,0.0,0.0,0.38,0.0,1.61,1.34,0.0,1.07,2.32,1.6,0.0,0.38,0.33,0.0,0.99,1.11,0.0,0.0,0.0,0.0,0.0,1.0,1.0,0.0,1.0,1.0,1.0,0.0,0.0,0.0,0.0,1.0,1.0,0.0,0.0,2,-1,1.5447050346720836,-0.4030482023205056
100,0,0.0,0.98,1,0.01,0.0,0.18,0.0,1.24,0.57,0.0,1.0,2.47,1.33,0.0,0.23,0.15,0.0,0.5,0.68,0.0,1.0,1.0,0.0,0.0,1.0,1.0,0.0,1.0,1.0,1.0,0.0,0.0,0.0,0.0,1.0,1.0,0.0,0.0,0,-1,0.9436702140913821,-0.9834438392009839
101,0,0.0,0.98,1,0.03,0.0,0.07,0.0,0.96,0.0,0.0,0.91,2.58,1.32,0.0,0.15,0.0,0.0,0.0,0.3,0.0,1.0,1.0,0.0,0.0,1.0,1.0,0.0,1.0,1.0,1.0,0.0,0.0,0.0,0.0,0.0,1.0,0.0,0.0,0,-1,0.5091498777719966,-1.3764705640009052
102,0,0.0,0.98,1,1.03,0.44,0.24,0.0,0.71,0.0,0.0,1.19,2.21,1.03,0.1,0.18,0.0,0.15,0.45,0.21,0.0,1.0,1.0,0.0,0.0,1.0,1.0,0.0,1.0,1.0,1.0,0.0,0.0,0.0,0.0,0.0,1.0,0.0,0.0,0,-1,-0.5197564951799684,-0.4632698427751357
103,0,0.0,0.88,1,1.87,0.68,0.37,0.0,0.49,0.0,0.0,1.51,1.64,0.7,0.13,0.7,0.0,0.36,0.71,0.9,0.0,1.0,1.0,0.0,0.0,0.0,0.0,0.0,1.0,0.0,0.0,1.0,0.0,0.0,0.0,0.0,0.0,0.0,0.0,4,-1,-1.717323395016687,0.2990539451626162
104,0,0.0,0.93,1,2.65,0.85,0.53,0.0,0.33,0.0,0.0,1.97,1.26,0.56,0.24,1.11,0.0,0.56,1.1,1.43,0.0,1.0,1.0,0.0,0.0,0.0,0.0,0.0,1.0,0.0,0.0,1.0,0.0,0.0,0.0,0.0,0.0,0.0,0.0,4,-1,-2.557392711333678,1.3418487029496526
105,0,0.0,0.93,1,2.41,0.98,0.42,0.06,0.29,0.0,0.16,1.61,0.84,0.47,1.81,2.62,0.0,2.08,1.54,1.4,0.0,1.0,1.0,0.0,0.0,0.0,0.0,0.0,0.0,0.0,0.0,1.0,1.0,0.0,0.0,0.0,0.0,0.0,0.0,3,-1,-5.042295566236914,3.5081896671907997
106,0,0.0,0.57,0,1.56,0.74,0.28,0.06,0.19,0.0,0.16,0.99,0.51,0.35,1.79,2.08,0.0,1.87,1.27,0.62,0.0,1.0,1.0,0.0,0.0,0.0,0.0,0.0,0.0,0.0,0.0,1.0,1.0,0.0,0.0,0.0,0.0,0.0,0.0,3,-1,-4.684486795029206,1.8940025802016585
107,0,0.0,0.03,0,1.34,1.3,0.09,0.39,0.0,0.0,0.16,0.76,0.04,0.0,3.33,3.33,0.0,3.33,0.89,0.57,0.0,1.0,1.0,0.0,0.0,0.0,0.0,0.0,0.0,0.0,0.0,1.0,1.0,0.0,0.0,0.0,0.0,0.0,0.0,3,-1,-8.072311398812213,3.983607008948012
108,0,0.0,0.57,0,0.56,0.73,0.02,0.33,0.0,0.0,0.0,0.55,0.04,0.0,1.67,1.67,0.0,1.67,0.0,0.57,0.0,0.0,0.0,0.0,0.0,0.0,0.0,0.0,0.0,0.0,0.0,0.0,0.0,0.0,0.0,0.0,0.0,0.0,0.0,3,-1,-5.261789371881636,0.11515909415147751
109,0,0.0,0.03,0,0.56,0.73,0.13,0.33,0.85,0.8,0.22,0.98,0.81,0.4,1.67,1.67,0.0,1.67,0.26,0.88,0.46,0.0,0.0,0.0,0.0,0.0,0.0,0.0,0.0,0.0,0.0,0.0,0.0,0.0,0.0,0.0,0.0,0.0,0.0,3,-1,-3.6213669045562917,1.3302842580626872
110,0,0.0,0.98,1,0.0,0.0,0.2,0.0,1.72,1.57,0.49,0.93,1.57,0.91,0.0,0.0,0.0,0.0,0.5,0.64,0.71,0.0,0.0,0.0,0.0,1.0,1.0,0.0,1.0,1.0,1.0,0.0,0.0,0.0,0.0,1.0,0.0,0.0,1.0,1,-1,1.4482485877102063,-1.3356715943067237
111,0,0.0,0.98,1,0.0,0.0,0.53,0.0,2.85,2.28,0.51,1.64,2.66,1.38,0.0,0.07,0.02,0.0,1.55,1.09,0.72,0.0,1.0,0.0,0.0,1.0,1.0,0.0,1.0,1.0,1.0,0.0,0.0,0.0,0.0,1.0,0.0,0.0,1.0,2,-1,3.4663520328744113,0.6730472045205166
112,0,0.0,0.98,1,0.0,0.0,0.92,0.0,3.15,2.23,0.39,1.94,3.01,1.55,0.0,0.07,0.02,0.0,2.3,1.07,0.48,0.0,0.0,0.0,0.0,1.0,1.0,0.0,1.0,1.0,1.0,0.0,0.0,0.0,0.0,1.0,0.0,0.0,1.0,2,-1,4.045320107349627,1.5517339461475836
113,0,0.0,0.98,1,0.0,0.0,1.54,0.0,3.08,1.9,0.13,2.29,3.3,1.53,0.0,0.28,0.02,0.0,3.14,1.14,0.23,0.0,0.0,0.0,0.0,1.0,1.0,0.0,1.0,1.0,1.0,0.0,0.0,0.0,0.0,1.0,0.0,0.0,1.0,2,-1,4.118686922818853,2.322743441363066
114,0,0.0,0.98,1,0.0,0.0,1.21,0.0,2.47,1.19,0.11,1.98,3.08,1.45,0.0,0.21,0.05,0.06,2.09,0.69,0.22,0.0,0.0,0.0,0.0,1.0,1.0,0.0,1.0,1.0,1.0,0.0,0.0,0.0,0.0,1.0,0.0,0.0,1.0,2,-1,3.0278717479002117,1.2767316962185526
115,0,0.0,0.98,1,0.0,0.0,0.72,0.0,1.8,0.48,0.0,1.66,2.87,1.3,0.0,0.21,0.21,0.2,1.07,0.4,0.0,0.0,0.0,0.0,0.0,1.0,1.0,0.0,1.0,1.0,1.0,0.0,0.0,0.0,0.0,1.0,1.0,0.0,1.0,2,-1,1.719440484330462,0.21438712112267982
116,0,0.0,0.98,1,0.0,0.0,0.0,0.0,1.45,0.13,0.0,1.24,2.73,1.27,0.0,0.0,0.42,0.5,0.0,0.0,0.0,0.0,0.0,0.0,0.0,1.0,1.0,0.0,1.0,1.0,1.0,0.0,0.0,0.0,0.0,1.0,1.0,0.0,1.0,0,-1,0.8430464120023659,-0.7443830760483129
117,0,0.0,0.98,1,0.0,0.0,0.41,0.0,1.56,1.06,0.19,1.47,2.48,1.77,0.0,0.43,0.36,0.45,0.95,1.07,0.0,0.0,0.0,0.0,0.0,1.0,1.0,1.0,1.0,1.0,1.0,0.0,0.0,0.0,0.0,1.0,0.0,0.0,1.0,2,-1,1.5559760119347714,0.39028238704801455
118,0,0.0,0.98,1,0.0,0.0,0.79,0.0,1.68,2.05,0.3,1.68,2.22,2.28,0.0,0.91,0.2,0.3,1.83,2.2,0.0,0.0,0.0,1.0,0.0,1.0,1.0,1.0,1.0,1.0,1.0,0.0,0.0,0.0,0.0,1.0,0.0,0.0,1.0,2,-1,2.2502684029437465,1.3991741334092447
119,0,0.0,0.98,1,0.0,0.0,1.15,0.0,1.8,2.73,0.44,1.81,1.95,2.73,0.01,1.37,0.0,0.0,2.28,2.67,0.0,0.0,0.0,1.0,0.0,1.0,1.0,0.0,1.0,1.0,1.0,0.0,0.0,0.0,0.0,1.0,0.0,0.0,1.0,2,-1,2.801653566857674,2.0128737483336505
120,0,0.0,0.98,1,0.07,0.0,0.84,0.0,2.04,2.11,0.25,1.63,2.27,1.98,0.15,0.95,0.0,0.0,2.11,1.61,0.73,0.0,0.0,1.0,0.0,1.0,1.0,0.0,1.0,1.0,1.0,0.0,0.0,0.0,0.0,1.0,0.0,0.0,1.0,2,-1,2.6060446128273393,1.2657390832365627
121,0,0.0,0.98,1,0.14,0.0,0.53,0.0,2.29,1.32,0.14,1.4,2.52,1.19,0.28,0.51,0.0,0.0,2.05,0.48,1.52,0.0,0.0,1.0,0.0,1.0,1.0,0.0,1.0,1.0,1.0,1.0,1.0,0.0,0.0,1.0,0.0,0.0,1.0,2,-1,2.3936466469525985,0.50520440769567
122,0,0.0,0.98,1,0.28,0.0,0.29,0.0,2.59,0.85,0.0,1.3,2.76,0.44,0.5,0.09,0.0,0.0,2.38,0.08,2.32,0.0,0.0,1.0,0.0,1.0,1.0,0.0,1.0,1.0,1.0,1.0,1.0,0.0,0.0,1.0,0.0,0.0,1.0,2,-1,2.317088528026582,0.15313036972861804
123,0,0.0,0.98,1,0.22,0.0,0.51,0.0,2.38,1.35,0.0,1.33,2.52,0.77,0.44,0.86,0.0,0.31,1.6,0.3,1.81,0.0,0.0,1.0,0.0,1.0,1.0,0.0,1.0,1.0,1.0,1.0,1.0,0.0,0.0,1.0,0.0,0.0,1.0,2,-1,1.7184002382363237,0.35844787720937477
124,0,0.0,0.98,1,0.14,0.0,0.7,0.0,2.25,1.9,0.0,1.41,2.3,1.07,0.49,1.66,0.0,0.69,0.79,0.53,1.1,1.0,1.0,1.0,0.0,1.0,1.0,0.0,1.0,1.0,1.0,0.0,1.0,0.0,0.0,0.0,0.0,0.0,1.0,1,-1,1.0350656254424024,0.7192456582889125
125,0,0.0,0.98,1,0.0,0.0,0.86,0.0,2.14,2.51,0.0,1.43,2.11,1.45,0.37,2.49,0.0,1.03,0.0,0.71,0.47,1.0,1.0,1.0,0.0,1.0,1.0,0.0,1.0,1.0,1.0,0.0,1.0,0.0,0.0,0.0,0.0,0.0,0.0,1,-1,0.579003701954188,0.9591927347247696
126,0,0.0,0.98,1,0.48,0.03,0.54,0.0,1.75,2.22,0.0,1.43,2.12,1.42,0.28,2.02,0.0,0.72,0.36,0.67,0.27,1.0,1.0,1.0,0.0,1.0,1.0,0.0,1.0,1.0,1.0,0.0,1.0,0.0,0.0,0.0,0.0,0.0,0.0,1,-1,0.461930202721279,0.7711034959735608
127,0,0.0,0.98,1,1.02,0.03,0.28,0.0,1.29,2.35,0.0,1.42,2.09,1.41,0.2,1.54,0.0,0.34,0.74,0.72,0.19,0.0,1.0,0.0,0.0,1.0,1.0,0.0,1.0,1.0,1.0,0.0,1.0,0.0,0.0,0.0,0.0,0.0,0.0,2,-1,0.49105698979408635,0.5285625735566389
128,0,0.0,0.98,1,1.63,0.22,0.0,0.0,0.86,2.19,0.0,1.48,2.13,1.54,0.15,0.94,0.0,0.0,1.11,0.75,0.01,0.0,1.0,0.0,0.0,1.0,1.0,0.0,1.0,1.0,1.0,0.0,1.0,0.0,0.0,0.0,0.0,0.0,0.0,2,-1,0.38518555429104884,0.6032721969535949
129,0,0.0,0.98,1,1.14,0.19,0.0,0.0,1.53,2.25,0.59,2.1,2.36,1.69,0.15,0.66,0.0,0.0,1.04,0.56,0.37,0.0,1.0,0.0,0.0,1.0,1.0,0.0,1.0,1.0,1.0,0.0,1.0,0.0,0.0,0.0,0.0,0.0,1.0,1,-1,1.8591637289674616,1.301094562411605
130,0,0.0,0.98,1,0.61,0.19,0.0,0.0,2.25,2.14,1.3,2.73,2.57,1.88,0.06,0.31,0.0,0.0,0.92,0.29,0.81,0.0,1.0,0.0,0.0,1.0,1.0,0.0,1.0,1.0,1.0,0.0,1.0,0.0,0.0,0.0,0.0,0.0,0.0,1,-1,3.4633853891493516,1.9897960619413855
131,0,0.0,0.98,1,0.0,0.0,0.01,0.0,2.92,1.52,1.89,3.19,2.84,1.72,0.05,0.27,0.0,0.0,0.94,0.0,1.24,0.0,1.0,0.0,0.0,1.0,1.0,0.0,1.0,1.0,1.0,0.0,1.0,0.0,0.0,0.0,0.0,0.0,0.0,1,-1,4.642534441261695,2.352665741008688
132,0,0.0,0.98,1,0.0,0.0,0.01,0.0,2.04,0.93,1.44,2.25,2.13,1.46,0.17,0.59,0.13,0.0,0.65,0.04,1.13,0.0,1.0,0.0,0.0,1.0,1.0,0.0,1.0,1.0,1.0,0.0,1.0,0.0,0.0,0.0,0.0,0.0,0.0,1,-1,2.6911628406708155,0.8999394615188179
133,0,0.0,0.98,1,0.01,0.03,0.01,0.01,1.19,0.11,0.73,1.43,1.74,0.98,0.17,0.96,0.13,0.0,0.39,0.04,0.8,0.0,1.0,0.0,0.0,1.0,1.0,0.0,1.0,1.0,1.0,0.0,1.0,0.0,0.0,0.0,0.0,0.0,0.0,1,-1,0.6198922290824206,-0.5860882064371544
134,0,0.0,0.98,1,0.01,0.03,0.0,0.01,0.2,0.0,0.15,0.69,0.9,0.66,0.12,0.89,0.13,0.0,0.0,0.46,0.36,0.0,1.0,0.0,0.0,1.0,0.0,0.0,1.0,1.0,1.0,0.0,1.0,0.0,0.0,0.0,0.0,0.0,0.0,0,-1,-1.1806964443780572,-2.2753314674216245
135,0,0.0,0.98,1,0.01,0.03,0.0,0.08,0.76,0.34,0.01,1.07,1.33,0.84,0.0,0.54,0.09,0.0,0.61,1.26,0.11,1.0,1.0,0.0,0.0,1.0,0.0,0.0,1.0,1.0,1.0,0.0,1.0,0.0,0.0,0.0,0.0,0.0,0.0,0,-1,-0.27260428826579564,-1.4371332787466469
136,0,0.0,0.98,1,0.0,0.0,0.0,0.27,1.07,0.49,0.01,1.52,1.51,1.28,0.0,0.88,0.28,0.12,0.61,1.54,0.0,1.0,1.0,0.0,0.0,1.0,0.0,0.0,1.0,1.0,1.0,0.0,1.0,0.0,0.0,0.0,1.0,0.0,0.0,0,-1,-0.052638649457263556,-0.29315695987130386
137,0,0.0,0.88,1,0.0,0.0,0.0,0.27,1.68,1.03,0.0,1.78,2.0,1.63,0.0,0.71,0.31,0.12,1.3,1.81,0.0,1.0,1.0,0.0,1.0,1.0,1.0,0.0,1.0,1.0,1.0,0.0,0.0,0.0,0.0,1.0,1.0,0.0,0.0,2,-1,1.1385238876434967,0.6795039593339055
138,0,0.0,0.98,1,0.0,0.0,0.02,0.21,1.83,1.29,0.0,1.84,2.12,1.82,0.0,0.79,0.29,0.12,1.36,1.71,0.07,1.0,1.0,0.0,1.0,1.0,1.0,0.0,1.0,1.0,1.0,0.0,0.0,0.0,0.0,1.0,1.0,0.0,0.0,2,-1,1.5447571765198316,0.8842000034190624
139,0,0.0,0.98,1,0.14,0.11,0.02,0.38,1.95,1.29,0.0,1.68,2.03,1.85,0.0,0.08,0.18,0.0,2.17,2.4,0.07,1.0,1.0,0.0,1.0,1.0,1.0,0.0,1.0,1.0,1.0,0.0,0.0,0.0,0.0,1.0,1.0,0.0,0.0,2,-1,1.6694002529606957,1.2078630322188806
140,0,0.0,0.93,1,0.21,0.11,0.07,0.38,2.09,1.52,0.0,1.75,2.18,1.97,0.0,0.08,0.14,0.0,2.02,2.42,0.35,1.0,1.0,0.0,1.0,1.0,1.0,0.0,1.0,1.0,1.0,0.0,0.0,0.0,0.0,1.0,1.0,0.0,0.0,2,-1,1.9481251770124846,1.3541044026067302
141,0,0.0,0.93,1,0.26,0.19,0.05,0.38,1.87,1.31,0.0,1.36,2.21,1.27,0.24,0.65,0.08,0.0,2.03,2.59,0.29,1.0,1.0,0.0,1.0,1.0,1.0,0.0,1.0,1.0,1.0,0.0,0.0,0.0,0.0,1.0,1.0,0.0,0.0,2,-1,0.8808438043272587,1.0039733874684205
142,0,0.0,0.98,1,0.13,0.28,0.05,0.04,1.89,1.76,0.05,1.16,2.39,1.02,0.28,0.65,0.0,0.0,1.53,2.37,0.29,1.0,1.0,0.0,1.0,1.0,1.0,0.0,1.0,1.0,1.0,0.0,0.0,0.0,0.0,1.0,1.0,0.0,0.0,2,-1,1.229305867912739,0.17151904345587735
143,0,0.0,0.98,1,0.22,0.6,0.0,0.08,1.69,1.55,0.1,0.95,2.2,0.5,0.28,0.65,0.0,0.0,1.55,2.41,0.0,1.0,1.0,0.0,1.0,1.0,1.0,0.0,1.0,1.0,1.0,0.0,0.0,0.0,0.0,1.0,1.0,0.0,0.0,2,-1,0.36330509870960465,-0.05320040877889538
144,0,0.0,0.98,1,0.17,0.51,0.0,0.09,1.46,1.72,0.1,0.74,1.79,0.74,0.04,0.04,0.0,0.0,1.2,2.35,0.18,1.0,1.0,0.0,1.0,1.0,1.0,0.0,1.0,1.0,1.0,1.0,0.0,0.0,0.0,1.0,1.0,0.0,0.0,2,-1,0.5286931387028083,-0.8257152931204955
145,0,0.0,0.98,1,0.16,0.38,0.0,0.05,1.19,1.57,0.05,0.39,1.57,0.53,0.02,0.04,0.05,0.0,1.25,2.3,0.22,1.0,1.0,0.0,1.0,1.0,1.0,0.0,1.0,1.0,1.0,1.0,0.0,0.0,0.0,1.0,1.0,0.0,0.0,0,-1,0.16628639336428952,-1.50242061278656
146,0,0.0,0.98,1,0.0,0.06,0.0,0.01,0.87,1.65,0.0,0.02,1.32,0.59,0.02,0.04,0.05,0.0,0.95,2.55,0.55,1.0,1.0,0.0,1.0,1.0,1.0,0.0,1.0,1.0,1.0,1.0,0.0,0.0,0.0,1.0,1.0,0.0,0.0,0,-1,0.052004362822337766,-2.406877708866303
147,0,0.0,0.98,1,0.0,0.09,0.05,0.23,1.0,1.08,0.07,0.55,1.62,0.42,0.02,0.63,0.05,0.0,0.73,1.71,0.38,1.0,1.0,0.0,1.0,1.0,1.0,0.0,1.0,1.0,1.0,1.0,0.0,0.0,0.0,1.0,1.0,0.0,0.0,0,-1,-0.29872394898297705,-1.5760883915791501
148,0,0.0,0.98,1,0.0,0.03,0.15,0.39,1.17,0.64,0.13,1.09,1.79,0.31,0.0,1.27,0.0,0.0,0.4,1.0,0.33,1.0,1.0,0.0,1.0,1.0,1.0,0.0,1.0,1.0,1.0,1.0,1.0,0.0,0.0,0.0,0.0,0.0,0.0,0,-1,-0.5152745021976044,-0.9124499226304233
149,0,0.0,0.98,1,0.0,0.05,0.26,0.51,1.49,0.1,0.19,1.55,2.24,0.26,0.0,1.62,0.0,0.0,0.27,0.0,0.0,1.0,1.0,0.0,1.0,1.0,1.0,0.0,1.0,1.0,1.0,1.0,1.0,0.0,0.0,0.0,0.0,0.0,0.0,0,-1,-0.45872860452099234,-0.1176807972574178
150,0,0.0,0.93,1,0.0,0.02,0.22,0.28,1.63,0.47,0.4,1.47,2.29,0.53,0.0,1.19,0.0,0.0,0.44,0.0,0.0,1.0,1.0,0.0,1.0,1.0,1.0,0.0,1.0,1.0,1.0,1.0,1.0,0.0,0.0,0.0,0.0,0.0,0.0,0,-1,0.4408556191589454,-0.24526586582042578
151,0,0.0,0.98,1,0.0,0.02,0.11,0.12,1.75,0.83,0.63,1.33,2.35,0.82,0.0,0.78,0.0,0.0,0.63,0.0,0.0,1.0,1.0,0.0,1.0,1.0,1.0,0.0,1.0,1.0,1.0,0.0,1.0,0.0,0.0,0.0,0.0,0.0,0.0,1,-1,1.2249830018934793,-0.28922751631064364
152,0,0.0,0.98,1,0.0,0.0,0.0,0.0,1.83,1.11,0.84,1.34,2.29,1.06,0.0,0.64,0.0,0.0,0.74,0.0,0.0,1.0,1.0,0.0,1.0,1.0,1.0,0.0,1.0,1.0,1.0,0.0,1.0,0.0,0.0,0.0,0.0,0.0,0.0,1,-1,1.7797051472917718,-0.21960756104512139
153,0,0.0,0.98,1,0.28,0.48,0.0,0.04,1.6,1.05,0.61,1.39,2.16,0.9,0.0,0.61,0.0,0.0,0.75,0.0,0.0,0.0,0.0,0.0,1.0,1.0,1.0,0.0,1.0,1.0,1.0,0.0,0.0,0.0,0.0,0.0,0.0,0.0,0.0,1,-1,0.9807632827308247,-0.012930988667192292
154,0,0.0,0.93,1,0.63,0.85,0.0,0.09,1.36,1.03,0.35,1.47,2.05,0.69,0.0,0.55,0.0,0.0,0.9,0.0,0.0,0.0,0.0,0.0,1.0,1.0,1.0,0.0,1.0,1.0,1.0,0.0,0.0,0.0,0.0,0.0,0.0,0.0,0.0,0,-1,0.24574721942130523,0.19689630003050035
155,0,0.0,0.93,1,0.63,0.85,0.07,0.09,1.13,1.29,0.27,1.47,1.73,0.31,0.0,0.33,0.0,0.0,1.18,0.28,0.0,0.0,0.0,0.0,1.0,1.0,1.0,0.0,1.0,1.0,1.0,0.0,0.0,0.0,0.0,1.0,0.0,0.0,0.0,0,-1,0.01744032845845114,-0.1411406920016067
156,0,0.0,0.93,1,0.36,0.37,0.07,0.04,1.31,1.37,0.22,1.22,1.95,0.45,0.0,0.43,0.0,0.04,0.89,0.77,0.0,0.0,0.0,0.0,1.0,1.0,1.0,0.0,1.0,1.0,1.0,0.0,0.0,0.0,0.0,1.0,1.0,0.0,0.0,0,-1,0.4518372028865563,-0.692173010301049
157,0,0.0,0.93,1,0.0,0.0,0.07,0.0,1.4,1.2,0.19,0.9,2.12,0.67,0.0,0.55,0.0,0.04,0.52,1.28,0.0,0.0,0.0,0.0,1.0,1.0,1.0,0.0,1.0,1.0,1.0,0.0,0.0,0.0,0.0,1.0,1.0,0.0,0.0,0,-1,0.6990675704483299,-1.2834578118854978
158,0,0.0,0.93,1,0.0,0.0,0.01,0.0,1.47,0.74,0.0,0.69,2.48,0.98,0.0,0.8,0.0,0.09,0.0,1.5,0.0,0.0,0.0,0.0,1.0,1.0,1.0,0.0,1.0,1.0,0.0,0.0,0.0,0.0,0.0,1.0,1.0,0.0,0.0,0,-1,0.39879926914044556,-1.3457386155858166
159,0,0.0,0.93,1,0.0,0.0,0.0,0.18,1.52,0.36,0.0,0.53,1.99,0.65,0.25,1.07,0.61,0.73,0.0,1.62,0.0,0.0,0.0,0.0,1.0,1.0,1.0,0.0,1.0,1.0,1.0,0.0,0.0,0.0,0.0,1.0,1.0,0.0,0.0,0,-1,-0.8852495665667054,-0.9354455069041321
160,0,0.0,0.98,1,0.07,0.0,0.0,0.57,1.58,0.19,0.0,0.37,1.49,0.3,0.64,1.39,1.26,1.46,0.0,1.88,0.0,0.0,0.0,0.0,1.0,1.0,1.0,0.0,1.0,1.0,1.0,1.0,0.0,1.0,0.0,0.0,0.0,0.0,0.0,0,-1,-2.5415818821173506,-0.09460560023721339
161,0,0.0,0.98,1,0.66,0.48,0.08,0.57,1.1,0.0,0.0,0.11,0.69,0.48,0.64,1.94,1.26,1.61,0.0,1.83,0.0,0.0,0.0,0.0,1.0,1.0,1.0,0.0,1.0,1.0,1.0,1.0,0.0,1.0,0.0,0.0,0.0,0.0,0.0,0,-1,-4.039362568663784,0.2646087591071837
162,0,0.0,0.88,1,0.66,0.48,0.08,0.39,0.8,0.0,0.0,0.37,0.71,0.74,0.45,1.72,0.97,0.92,0.0,1.2,0.0,0.0,0.0,0.0,0.0,1.0,1.0,0.0,1.0,1.0,1.0,1.0,1.0,1.0,0.0,0.0,0.0,0.0,0.0,0,-1,-3.186307396404756,-0.31651059810821996
163,0,0.0,0.98,1,0.63,0.48,0.08,0.0,0.72,0.03,0.0,0.65,0.91,1.03,0.06,1.55,0.48,0.2,0.0,0.44,0.0,0.0,0.0,0.0,0.0,1.0,1.0,0.0,0.0,0.0,1.0,1.0,1.0,1.0,0.0,0.0,0.0,0.0,0.0,0,-1,-1.722943542408658,-1.1411679684768201
164,0,0.0,0.98,1,0.05,0.0,0.0,0.0,1.12,0.03,0.0,1.07,1.5,1.01,0.16,1.11,0.59,0.0,0.0,0.0,0.0,0.0,1.0,0.0,1.0,1.0,1.0,0.0,0.0,0.0,1.0,1.0,1.0,1.0,0.0,0.0,0.0,0.0,0.0,0,-1,-0.33147692500690584,-1.32289864459932
165,0,0.0,0.98,1,0.35,0.08,0.0,0.11,0.85,0.5,0.0,0.72,1.13,0.76,0.1,1.14,0.27,0.0,0.0,0.7,0.0,0.0,1.0,0.0,1.0,0.0,0.0,0.0,0.0,0.0,1.0,1.0,1.0,0.0,0.0,0.0,0.0,0.0,0.0,0,-1,-1.0598909981176292,-1.6161229839642863
166,0,0.0,0.98,1,0.51,0.31,0.0,0.15,0.41,0.72,0.0,0.43,0.58,0.47,0.09,1.09,0.11,0.14,0.0,1.43,0.08,0.0,0.0,0.0,1.0,0.0,1.0,0.0,1.0,1.0,1.0,1.0,1.0,0.0,0.0,0.0,0.0,0.0,0.0,0,-1,-2.029916274069029,-1.9455227672284583
167,0,0.0,0.98,1,0.66,0.55,0.0,0.28,0.0,0.84,0.0,0.0,0.0,0.0,0.0,1.07,0.03,0.4,0.0,2.15,0.12,0.0,0.0,0.0,0.0,0.0,1.0,0.0,1.0,1.0,1.0,1.0,1.0,0.0,0.0,0.0,0.0,0.0,0.0,0,-1,-3.289784638281562,-2.3263735968755213
168,0,0.0,0.98,1,0.71,0.47,0.64,0.18,0.0,0.37,0.0,0.68,0.34,0.81,0.46,1.69,0.03,1.0,0.0,1.91,0.12,0.0,0.0,0.0,0.0,0.0,1.0,0.0,1.0,0.0,1.0,1.0,1.0,0.0,0.0,0.0,0.0,0.0,0.0,0,-1,-3.3606111147181217,-0.486371223541668
169,0,0.0,0.98,1,0.95,0.24,1.28,0.13,0.0,0.13,0.0,1.38,0.7,1.54,1.01,2.42,0.03,1.53,0.0,1.64,0.04,0.0,1.0,1.0,1.0,0.0,0.0,0.0,1.0,0.0,1.0,1.0,1.0,0.0,0.0,0.0,0.0,0.0,0.0,3,-1,-3.5017604990553335,1.4113864212743366
170,0,0.0,0.98,1,1.11,0.0,1.77,0.0,0.0,0.0,0.0,2.04,1.06,2.21,1.45,3.11,0.0,1.79,0.0,1.24,0.0,0.0,1.0,1.0,1.0,0.0,1.0,0.0,1.0,1.0,1.0,1.0,1.0,0.0,0.0,0.0,0.0,0.0,0.0,3,-1,-3.2727027502326793,2.835738380357469
171,0,0.0,0.98,1,1.94,0.56,1.13,0.4,0.0,0.1,0.0,1.66,1.14,1.4,0.99,2.38,0.0,1.19,0.74,1.62,0.0,0.0,1.0,1.0,1.0,0.0,1.0,0.0,1.0,1.0,1.0,1.0,1.0,0.0,0.0,0.0,0.0,0.0,0.0,3,-1,-3.839019807090673,2.662609353011032
172,0,0.0,0.98,1,2.63,1.13,0.49,0.95,0.0,0.39,0.0,1.22,1.2,0.74,0.44,1.49,0.04,0.52,1.32,1.81,0.0,1.0,1.0,1.0,0.0,0.0,1.0,0.0,1.0,1.0,1.0,1.0,1.0,0.0,0.0,0.0,0.0,0.0,0.0,4,-1,-4.30079014219332,2.443775962985155
173,0,0.0,0.98,1,3.34,1.49,0.0,1.25,0.03,0.76,0.0,0.96,1.31,0.26,0.0,0.62,0.09,0.0,1.77,1.69,0.0,1.0,1.0,1.0,0.0,0.0,1.0,0.0,1.0,1.0,1.0,1.0,1.0,0.0,0.0,0.0,0.0,0.0,0.0,4,-1,-4.306916836694134,2.163861060002683
174,0,0.0,0.98,1,2.54,0.93,0.09,0.85,0.03,0.67,0.0,0.66,0.99,0.26,0.43,1.1,0.09,0.0,1.03,0.85,0.34,1.0,1.0,1.0,0.0,0.0,0.0,0.0,1.0,0.0,1.0,1.0,1.0,0.0,0.0,0.0,0.0,0.0,0.0,4,-1,-3.9296099736514307,0.699698711323362
175,0,0.0,0.93,1,1.82,0.36,0.18,0.3,0.03,0.38,0.0,0.4,0.68,0.19,0.68,1.37,0.05,0.0,0.45,0.2,0.61,1.0,1.0,0.0,0.0,1.0,0.0,0.0,0.0,0.0,0.0,1.0,1.0,0.0,0.0,0.0,0.0,0.0,1.0,0,-1,-3.2886978335347465,-1.0184101220103088
176,0,0.0,0.98,1,1.29,0.0,0.27,0.0,0.0,0.01,0.0,0.0,0.35,0.0,1.02,1.76,0.0,0.0,0.0,0.0,1.01,1.0,1.0,1.0,0.0,1.0,0.0,0.0,0.0,0.0,1.0,1.0,1.0,0.0,0.0,0.0,0.0,0.0,1.0,0,-1,-3.3809888737564453,-2.2578215649938755
177,0,0.0,0.98,1,1.52,0.0,0.28,0.0,0.0,0.0,0.0,0.0,0.43,0.0,1.03,1.66,0.0,0.0,0.0,0.0,1.21,1.0,1.0,0.0,0.0,0.0,0.0,0.0,0.0,0.0,0.0,1.0,1.0,0.0,0.0,0.0,0.0,0.0,1.0,0,-1,-3.3829216826020683,-2.1912587167191413
